1,study,"137,208",study (n) 137208 study (v) 18872 studied (j) 215 studiously (r) 58 studious (j) 41 studying (n) Edu 20,See the [Introduction] sheet for an explanation of this list
2,develop,"128,974",development (n) 63509 develop (v) 52543 developing (j) 9039 developmental (j) Edu 5716 developed (j) 3513 developer (n) 2526 developmentally (r) Edu 573underdeveloped (j) 370 undeveloped (j) 283 underdevelopment (n) His 214 redevelopment (n) 144 redevelop (v) 48 developing (n) Law 18,
3,group,"125,012",group (n) 122011 grouping (n) Edu 1744 subgroup (n) 1603 group (v) 1398 intergroup (j) Soc 559 regroup (v) His 172 grouped (j) Edu 34 regrouping (n) Edu 20,"CLICK HERE to access the entire list, with hyperlinks to extensive information on each word"
4,system,"116,141",system (n) 110176 systematic (j) 4090 systematically (r) 1815 subsystem (n) Sci 796 unsystematic (j) 60,
5,relate,"114,267",relationship (n) 50744 relate (v) 28592 relation (n) 23867 related (j) 6945 relational (j) 1498 unrelated (j) 1388 interrelated (j) 731 interrelationship (n) 502relatedness (n) 434 interrelation (n) Hum 191,
6,research,"112,649",research (n) 83325 researcher (n) 25445 research (v) 3879,
7,social,"103,635",social (j) 99744 socially (r) 3891 antisocial (j) Med 1080,
8,result,"96,016",result (n) 72083 result (v) 20138 resulting (j) 3063 resultant (j) 732,
9,use,"93,271",use (v) 184698 use (n) 64527 user (n) 14141 useful (j) 11584 used (j) 6037 usefulness (n) 1229 useless (j) 1002 usable (j) 737 misuse (n) 626 reuse (v) Sci 503 unused (j) 380 reuse (n) 260 usefully (r) 247 reusable (j) Sci 239 misuse (v) 227 usability (n) Sci 144 unusable (j) 112 useable (j) 68 uselessness (n) Hum 43 misused (j) 22uselessly (r) 17,
10,provide,"93,212",provide (v) 93212 provider (n) Med 5708 provided (c) 4620 providing (c) 233,
11,however,"90,906",however (r) 90906,
12,increase,"85,843",increase (v) 35289 increase (n) 15833 increased (j) 12996 increasingly (r) 12280 increasing (j) 9445,
13,experience,"79,681",experience (n) 56541 experience (v) 20056 experienced (j) 3084 experiential (j) Edu 901 inexperienced (j) 476 inexperience (n) 132,
14,level,"79,201",level (n) 78162 level (j) Edu 3119 level (v) 1145 high-level (j) 917 leveling (n) 76 leveling (j) 46 leveler (n) 21 leveled (j) 12 levelly (r) Soc 1,
15,process,"78,679",process (n) 66382 process (v) 6739 processing (n) 5558 processor (n) Sci 3072 processed (j) Med 535 unprocessed (j) Med 85 reprocess (v) Law 41,
16,culture,"77,470",culture (n) 42561 cultural (j) 34239 culturally (r) Edu 3586 cross-cultural (j) Edu 1176 subculture (n) 670 intercultural (j) Edu 398 cultured (j) 284 subcultural (j) 81uncultured (j) 38,
17,history,"77,164",history (n) 53474 historical (j) 19615 historian (n) His 7700 historically (r) 4075 historic (j) 3441 prehistory (n) 259 historicity (n) Hum+Rel 184 historicism (n) Hum 165,
18,active,"76,010",activity (n) 55151 active (j) 14938 activist (n) 4067 actively (r) 4000 activism (n) 1419 inactive (j) 502 inactivity (n) Med 286 active (n) Med 39,
19,support,"75,683",support (n) 36597 support (v) 36072 supporter (n) 3402 supportive (j) 2706 supporting (j) 1798 supported (j) 158 unsupported (j) 150,
20,individual,"72,071",individual (n) 39359 individual (j) 28495 individually (r) 2285 individualism (n) 1077 individualized (j) Edu 901 individuality (n) Hum 793 individualistic (j) 623individualize (v) Edu 309 individualist (n) 232 individualist (j) Soc 20,
21,inform,"71,870",information (n) 61931 inform (v) 7547 informed (j) 1712 informant (n) Soc 1707 informational (j) 591 info (n) Med 480 misinformation (n) Rel 238 uninformed (j) 210informer (n) His+Law 141 informing (n) 89 misinform (v) 69 misinformed (j) 17,
22,important,"70,250",important (j) 67258 importantly (r) 2515 unimportant (j) 477,
23,include,"70,098",include (v) 70098 including (i) 41265 included (j) 296,
24,form,"67,699",form (n) 45275 form (v) 22341 formless (j) Hum+Rel 67 unformed (j) Hum 49 preformed (j) Med 44 formed (j) 44 forming (n) 39 preform (v) Sci 31 formlessness (n)Hum+Rel 16,
25,require,"66,817",require (v) 49554 requirement (n) 13576 required (j) 3687,
26,control,"65,736",control (n) 45690 control (v) 19621 controller (n) Sci 1780 controlled (j) Med 1392 uncontrolled (j) 425 controlling (j) 353 uncontrollable (j) 337 controllable (j) 329uncontrollably (r) 64,
27,product,"65,540",product (n) 33132 production (n) 22378 productivity (n) 4145 productive (j) 3785 by-product (n) 982 counterproductive (j) 624 unproductive (j) 282 productively(r) 212,
28,change,"64,593",change (n) 59284 change (v) 33392 changing (j) 4871 unchanged (j) 818 changed (j) 487 unchanging (j) 304 changeable (j) 134 changer (n) 119 changing (n) 111unchangeable (j) Rel 78,
29,model,"63,948",model (n) 57310 model (v) 3902 modeling (n) 2616 modeler (n) Sci 143 modelling (n) 120 modeled (j) 116 model (j) 15,
30,significant,"63,901",significant (j) 44415 significantly (r) 18615 insignificant (j) 844 insignificantly (r) 27,
31,data,"63,584",data (n) 63480 datum (n) 104,
32,nature,"62,333",nature (n) 34413 natural (j) 27263 naturally (r) 4259 naturalist (n) 657 naturalistic (j) Hum 570 unnatural (j) 442 naturalism (n) Hum+Rel 354 naturalness (n) Hum 112natural (r) 84 unnaturally (r) 60 natural (n) Med 34 naturalistically (r) Hum 19,
33,effect,"61,659",effect (n) 60078 effect (v) 1581,
34,present,"60,799",present (v) 30357 present (j) 21652 presentation (n) 7080 present (n) 6809 present (r) 1338 presenter (n) 372 presented (j) Rel 160 presentational (j) Hum 39presentable (j) 21,
35,value,"60,793",value (n) 49900 valuable (j) 6049 value (v) 3661 valuation (n) Fin 817 invaluable (j) 726 valued (j) 420 valuables (n) Soc 122 revaluation (n) 112 valueless (j) 37revalue (v) His 35 valuing (n) Rel 22,
36,analyze,"60,112",analysis (n) 48500 analyze (v) 11523 analyse (v) Med 1158 analyzed (j) 89,
37,economy,"60,070",economic (j) 52368 economy (n) 23059 economics (n) 4885 economist (n) 3346 economically (r) 2817 economical (j) 538 economize (v) 74 uneconomic (j) Law 43uneconomical (j) 30,
38,general,"59,567",general (j) 31754 generally (r) 18534 general (r) 7739 general (n) His 6700 generalization (n) Edu 1837 generalize (v) Edu 1268 generalized (j) 1150 generality (n)390 generalist (n) Hum 266 generalised (j) Med 43 generalizing (j) Hum 17,
39,table,"59,158",table (n) 59158 table (v) Law 92 tablecloth (n) 79,
40,policy,"58,987",policy (n) 58987 policy-making (n) 1028,
41,university,"57,835",university (n) 57835,
42,perform,"57,723",performance (n) 36344 perform (v) 21379 performer (n) Hum 2329 performing (n) Hum 1007,
43,human,"55,105",human (j) 54672 human (n) 10375 humanity (n) Rel 4096 humanist (n) Rel 730 humanist (j) Rel 721 humanism (n) Rel 629 humanistic (j) 433 inhuman (j) 180 humanly(r) Rel 177 humanness (n) 85 inhumanity (n) Rel 85,
44,particular,"53,815",particularly (r) 23286 particular (j) 23040 particular (r) 7489 particularity (n) Rel 460 particulars (n) 433 particularism (n) 115 particularistic (j) 98 particularize (v) Hum50 particularized (j) Hum 47,
45,suggest,"53,787",suggest (v) 52412 suggestion (n) 5895 suggestive (j) 741 suggested (j) 634 suggestively (r) Hum 33 suggestiveness (n) Hum 19 suggestible (j) Rel 17,
46,science,"53,170",science (n) 37253 scientist (n) Sci 19311 scientific (j) 15091 scientifically (r) 826 unscientific (j) 114,
47,low,"51,858",low (j) 51858 low (r) 1910 low (n) 465 lowly (j) 253 low (v) Edu 13,
48,measure,"50,305",measure (n) 29534 measure (v) 19093 measurement (n) 9030 measurable (j) 845 measured (j) 833 measuring (j) 281 immeasurably (r) 94 immeasurable (j) 84measurably (r) Edu 62 unmeasured (j) Med 61 measuring (n) 13,
49,both,"49,946",both (d) 57485 both (r) 49946,
50,design,"49,526",design (n) 26112 design (v) 23346 designer (n) 3222 designed (j) 68 designing (n) 55,
51,society,"49,476",society (n) 47060 societal (j) 2416,
52,role,"49,426",role (n) 49426,
53,difference,"49,081",difference (n) 49081,
54,tradition,"48,701",traditional (j) 25145 tradition (n) 19091 traditionally (r) 4061 nontraditional (j) Edu 1193 traditionalist (n) 404 traditionalist (j) 198 traditionalism (n) 154,
55,organize,"48,507",organization (n) 35398 organize (v) 11191 organizational (j) Edu 5880 organized (j) 2121 organizer (n) 1344 reorganization (n) 729 reorganize (v) 601 organizing (j)442 organizing (n) His 150 organizationally (r) 107 unorganized (j) Law 104 organisational (j) Med 44 reorganized (j) 39 organised (j) His+Med 21 organiser (n)His+Med 15,
56,practice,"47,915",practice (n) 47915 practice (v) 4609 practicing (j) 267 practise (v) Med 123 practiced (j) 116 practicing (n) Hum 42 practising (j) Med 19,
57,report,"46,865",report (v) 44666 report (n) 27117 reporter (n) Law 3261 reporting (n) 2552 reported (j) 2199 reportedly (r) 1360 self-reported (j) Soc 1100 unreported (j) 158 reporting(j) Edu 28,
58,thus,"46,287",thus (r) 46287,
59,interest,"46,255",interest (n) 43498 interesting (j) 9003 interested (j) 8350 interestingly (r) 1833 self-interest (n) 924 interest (v) 555 uninterested (j) 189 uninteresting (j) 115,
60,associate,"46,060",associate (v) 23565 association (n) 22245 associate (n) 3464 associate (j) 2548 associated (j) 2537 associative (j) 250,
61,technology,"45,955",technology (n) 40104 technological (j) 5277 tech (n) 2143 high-tech (j) 1437 technologically (r) 574 technologist (n) Sci 249,
62,term,"45,677",term (n) 29927 terms (i) 14012 long-term (j) 10807 short-term (j) 3023 term (v) 1920 midterm (n) Law 190,
63,identify,"45,515",identify (v) 36820 identity (n) 23097 identification (n) 7420 identifiable (j) 903 identified (j) Edu 617 unidentified (j) 427 identifier (n) 212 identifying (j) 160unidentifiable (j) 46,
64,indicate,"45,150",indicate (v) 38022 indicator (n) 5934 indication (n) 3263 indicative (j) 1109 indicated (j) 85,
65,similar,"44,873",similar (j) 31385 similarly (r) 8941 similarity (n) 4010 dissimilar (j) 396 dissimilarity (n) 141,
66,discuss,"44,798",discussion (n) 23781 discuss (v) 21017 discussed (j) Edu 22 undiscussed (j) Rel 17,
67,rate,"44,493",rate (n) 44493 rating (n) Edu 8905 rate (v) Edu 5374 rater (n) Edu 525 rated (j) Edu 135,
68,figure,"44,084",figure (n) 44084 fig (n) Hum 9926 figure (v) 6664 figural (j) Hum 305 figuration (n) Hum 173 figuring (n) 19,
69,focus,"44,055",focus (v) 28692 focus (n) 14735 focused (j) 628 unfocused (j) Edu 81 focusing (j) Sci 72 focusing (n) 56 focussed (j) Law 15 unfocussed (j) Soc 2,
70,factor,"43,871",factor (n) 43871 factor (v) 376 factoring (n) Edu 18,
71,structure,"43,843",structure (n) 30887 structural (j) 6340 structured (j) 1789 structure (v) 1776 restructuring (n) 1488 restructure (v) 1020 structurally (r) 439 structuring (n) 406unstructured (j) Edu 261 structuralist (j) Hum 239 structuralism (n) Hum 133 restructured (j) 104,
72,apply,"43,687",apply (v) 22641 application (n) 18335 applied (j) 2711 reapplication (n) Med 16,
73,compare,"43,595",compare (v) 27616 comparison (n) 12058 comparable (j) 3562 comparability (n) 220 comparably (r) 139 incomparable (j) 107 incomparably (r) 40,
74,observe,"43,002",observe (v) 20645 observation (n) 13512 observer (n) 7997 observatory (n) Sci 3766 observed (j) 1716 observational (j) 947 observable (j) 848 observant (j) Rel 171unobserved (j) 76 unobservable (j) 61 unobservant (j) Rel 3,
75,specific,"42,821",specific (j) 28840 specifically (r) 11133 specification (n) 1634 specificity (n) 1214 specific (n) 574 unspecific (j) 12,
76,need,"42,370",need (v) 75094 need (n) 42193 needless (j) 552 needed (j) 177 needlessly (r) 144 unneeded (j) 63 needful (j) Rel 25,
77,reduce,"42,189",reduce (v) 29853 reduction (n) 10007 reduced (j) 2329 reductionism (n) 172 reducible (j) 125 reducing (j) Med 111,
78,base,"42,082",base (v) 42082 base (n) 13241 baseless (j) 50 base (j) 43 basing (j) His 14 basing (n) His 10,
79,region,"42,022",region (n) 28595 regional (j) 13153 regionally (r) 274 regionalism (n) His 222 regionalist (j) Hum 56 regional (n) Hum+Fin 17 regionalist (n) 15,
80,current,"41,752",current (j) 30626 currently (r) 11126 current (n) 1826,
81,image,"41,537",image (n) 38020 imagery (n) 3517 imaging (n) Sci 2472 image (v) Sci 1022 imaged (j) 33 imaging (j) Sci 22,
82,strategy,"41,449",strategy (n) 33515 strategic (j) 7274 strategically (r) 660 strategist (n) Fin 517,
83,exist,"41,285",exist (v) 20901 existing (j) 10580 existence (n) 9678 nonexistent (j) 806 existent (j) 126,
84,population,"40,902",population (n) 40902 populate (v) 1093 populated (j) 118 unpopulated (j) 30,
85,international,"40,746",international (j) 40746 internationally (r) 1235 internationalism (n) His 249 internationalization (n) Law 234 internationalist (n) His+Law 189 internationalize (v) His105 international (n) Edu 39 internationalist (j) His 24,
86,project,"40,367",project (n) 36260 project (v) 3432 projection (n) 2783 projected (j) 1324 projecting (j) Hum 213 projective (j) 127 projectionist (n) 11,
87,standard,"40,249",standard (n) 26890 standard (j) 11991 standardized (j) Edu 2896 standardize (v) 718 standardization (n) 650 substandard (j) 182 standardised (j) Med 56unstandardized (j) Soc 52,
88,subject,"39,894",subject (n) 37608 subject (i) 4738 subject (v) 2286 subject (j) Edu 245,
89,period,"38,952",period (n) 35597 periodic (j) 1539 periodically (r) 1245 periodical (n) 571 periodicity (n) Sci 115,
90,type,"38,893",type (n) 38893 type (v) 837 subtype (n) Edu 403,
91,describe,"38,599",describe (v) 38500 described (j) 99 indescribable (j) Hum 44 describer (n) Rel 12 indescribably (r) 8,
92,condition,"38,429",condition (n) 36933 conditioning (n) Med 1088 condition (v) 705 conditional (j) 659 unconditional (j) 498 conditioner (n) Med 472 conditioned (j) Rel 174 unconditionally (r) 138 conditional (n) 132 conditionally (r) 73 unconditioned (j) Rel 56,
93,improve,"38,048",improve (v) 20714 improvement (n) 10976 improved (j) 4279 improving (j) 2079 unimproved (j) 28,
94,material,"38,042",material (n) 37206 materialism (n) Rel 703 material (j) 510 materially (r) 326 materialistic (j) Rel 305 materiality (n) Hum 304 materialist (n) 292 materialist (j) Hum28,
95,note,"37,884",note (v) 32829 note (n) Law 16217 notably (r) 2742 notable (j) 2313 noted (j) 467 notable (n) His 124,
96,define,"37,705",define (v) 23125 definition (n) 11955 redefine (v) 1296 defining (j) 702 defined (j) 563 redefinition (n) 341 undefined (j) 170 definitional (j) Edu 165 definable (j) 110predefined (j) 104 redefined (j) 41 indefinable (j) Hum 36 undefinable (j) 17 redefining (n) Edu+Hum 13,
97,establish,"37,704",establish (v) 27926 establishment (n) 6858 established (j) 2793 reestablishment (n) 127 establishing (n) Hum 52,
98,produce,"37,198",produce (v) 37198 producer (n) 4747 produce (n) Med 676 producing (j) 123 produced (j) 57,
99,response,"37,021",response (n) 36231 response (i) 4550 responsive (j) Edu 1533 responsiveness (n) 790 unresponsive (j) 165 responsively (r) Edu+Law 8,
100,likely,"36,978",likely (j) 32958 likely (r) 5042 unlikely (j) 4792 likelihood (n) 4020,
101,influence,"36,829",influence (n) 18105 influence (v) 15499 influential (j) 3225 influencing (j) Edu 25 uninfluenced (j) 24,
102,knowledge,"36,633",knowledge (n) 36633 knowledgeable (j) Edu 1361 knowledgeably (r) 30 knowledgable (j) 11,
103,represent,"36,605",represent (v) 32705 representation (n) Hum 9720 representative (n) 6994 representative (j) 3586 rep (n) Law+Med 2715 representational (j) Hum 617representativeness (n) 154 unrepresentative (j) 102 representing (j) 58 unrepresented (j) Law 52,
104,common,"36,352",common (j) 30755 commonly (r) 5597 uncommon (j) 1188 common (r) 1139 commoner (n) 205 uncommonly (r) 78 commonness (n) Edu 29,
105,limit,"36,263",limit (v) 15973 limited (j) 10632 limit (n) 9320 limitation (n) 8646 limiting (j) 1012 unlimited (j) 1003 limitless (j) 312,
106,approach,"36,092",approach (n) 36092 approach (v) 8131 approaching (j) 178 approachable (j) Edu 88 unapproachable (j) Hum 34,
107,theory,"36,078",theory (n) 33143 theorist (n) 2935,
108,enjoy,"35,191",enjoy (v) 10605 enjoyment (n) Soc 1633 enjoyable (j) 670,
109,source,"34,883",source (n) 34883 source (v) 121 sourcing (n) 15,
110,mean,"34,872",mean (v) 39879 mean (n) 18373 meaning (n) 16027 mean (j) Edu 10334 meaningful (j) Edu 5160 meaningless (j) 723 meaningfully (r) 299 meaningfulness (n) 173meaninglessness (n) Rel 119,
111,method,"34,819",method (n) 33105 methodology (n) Edu 4213 methodological (j) 1528 methodical (j) 190 methodologically (r) 186 methodically (r) 146,
112,available,"34,790",available (j) 30610 availability (n) 4095 unavailable (j) 678 unavailability (n) 85,
113,participate,"34,316",participate (v) 16873 participation (n) 14841 participating (j) 1534 participatory (j) 926 participative (j) 142,
114,function,"34,163",function (n) 21755 function (v) 6084 functional (j) 5374 functioning (n) Edu 2289 functionally (r) 512 functionality (n) Sci 483 functioning (j) 321 functionalist (n)117 functionalism (n) Hum 75,
115,resource,"33,989",resource (n) 33989 resourceful (j) 213 resourcefulness (n) 159,
116,potential,"33,857",potential (j) 17472 potential (n) 10370 potentially (r) 6015 potentiality (n) Hum 216,
117,range,"33,795",range (n) 22219 range (v) 11521 midrange (n) Sci 86 ranging (j) 55,
118,century,"33,736",century (n) 33736 nineteenth-century (j) Hum 1906 twentieth-century (j) Hum 1078,
119,effective,"33,578",effective (j) 22853 effectively (r) 8203 effectiveness (n) Edu 7501 ineffective (j) 1394 cost-effective (j) 971 ineffectiveness (n) 157 ineffectively (r) 27,
120,concept,"33,529",concept (n) 23812 conception (n) 4712 conceptual (j) 4374 conceptualize (v) Edu 1388 self-concept (n) Edu+Soc 1155 conceptualization (n) Edu 1146 conceptually(r) 631 conceptualized (j) Hum 16,
121,determine,"33,455",determine (v) 31067 determination (n) 3207 self-determination (n) 1545 determinant (n) 1365 determined (j) 1057 determining (j) 1023 determinism (n) Soc 461deterministic (j) 257 indeterminacy (n) Hum 245 undetermined (j) 110 determinative (j) Law+Rel 88 determinist (n) 79 determinedly (r) Law 52 determinable (j) 25,
122,occur,"33,313",occur (v) 30702 occurrence (n) 2611 reoccur (v) Med 29 reoccurring (j) Edu 15 occurring (j) 12,
123,goal,"33,049",goal (n) 33049,
124,article,"31,513",article (n) 31513,
125,environment,"31,481",environmental (j) 35191 environment (n) 31116 environmentally (r) Sci 1723 environmentalist (n) Law 1158 environmentalism (n) 365,
126,language,"31,095",language (n) 31095,
127,direct,"31,059",directly (r) 15805 direct (j) 15254 direct (v) 8598 direct (r) 149,
128,center,"31,048",center (n) 38946 central (j) 24774 center (v) 2724 centralized (j) 1145 centrality (n) 990 centrally (r) 527 centralization (n) 385 centralize (v) 367 centrist (j)His+Law 220 centered (j) 136 centralism (n) 44 centralizing (j) Law 36 centrist (n) Law 31 centering (j) Edu 30 centralist (n) 28 centric (j) Sci 19 centering (n) 14,
129,section,"30,856",section (n) 30856 subsection (n) Law 360 sectional (j) Hum 146 section (v) Med 80 sectional (n) Hum 15 sectioned (j) Med 8,
130,refer,"30,837",refer (v) 17809 reference (n) 12151 referral (n) Edu+Med 2136 reference (v) 877 referent (n) Hum 696 ref (n) Sci 307 referential (j) Hum 201 referred (j) Edu+Med 61referenced (j) Edu 44 referencing (n) Hum 21,
131,reflect,"30,829",reflect (v) 24309 reflection (n) 6520 reflective (j) Edu 1975 reflected (j) 264 reflectance (n) Sci 132 refrigerated (j) 99 reflectively (r) Edu 45 reflectiveness (n) Edu 16,
132,concern,"30,430",concern (n) 25937 concerned (j) 9792 concerning (i) 6966 concern (v) 4493 unconcerned (j) 127 unconcern (n) Rel 16,
133,quality,"29,583",quality (n) 28155 high-quality (j) 1428,
134,involve,"29,330",involve (v) 29330 involved (j) 12493 involvement (n) Edu 10723 uninvolved (j) 77,
135,move,"29,315",move (v) 35027 movement (n) 29315 move (n) 6233 moving (j) 942 movable (j) Hum 270 mover (n) 257 moving (n) 150 unmoved (j) 88 immovable (j) 66 moveable (j) 51movingly (r) 40 unmoving (j) Hum 13 moved (j) Rel 10 unmovable (j) Hum 7,
136,contribute,"29,129",contribute (v) 17112 contribution (n) 11291 contributor (n) 1837 contributing (j) 726 contributory (j) Med 108 noncontributory (j) Med 19,
137,select,"29,112",select (v) 12852 selection (n) 9227 selected (j) 3945 selective (j) 2156 select (j) 1348 selectively (r) 654 selectivity (n) 278 selector (n) Sci 69 unselected (j)Edu+Med 38,
138,scale,"29,071",scale (n) 26610 subscale (n) Edu+Soc 4293 large-scale (j) 2461 scale (v) 1176 scaling (n) 418 scaled (j) Edu 106 scalable (j) Sci 62,
139,maintain,"28,942",maintain (v) 23831 maintenance (n) 5032 maintained (j) 79 unmaintained (j) Sci 1,
140,male,"28,908",male (n) 14900 male (j) 14008 maleness (n) Rel 129,
141,female,"28,771",female (j) 15711 female (n) 13060 femaleness (n) Hum+Rel 63,
142,primary,"28,717",primary (j) 17725 primarily (r) 10992 primary (n) 1746,
143,positive,"28,538",positive (j) 24803 positively (r) 3572 positive (n) 255 positivism (n) Rel 197 positivist (j) 163 positivity (n) Med 114 positivist (n) 101 positivistic (j) 50,
144,author,"28,181",author (n) 27714 co-author (n) Med 1112 authorship (n) Hum 486 authorial (j) Hum 473 author (v) 467,
145,argue,"27,961",argue (v) 26358 argument (n) 15078 arguably (r) 1485 argumentation (n) Rel 180 arguable (j) 118 argumentative (j) 99 unarguably (r) 21 unarguable (j) Hum 14,
146,various,"27,680",various (j) 27132 variously (r) 548,
147,seek,"27,629",seek (v) 27629 seeker (n) Rel 594 seeking (n) Rel 151 sought (j) 133 unsought (j) 12,
148,attempt,"27,578",attempt (n) 15566 attempt (v) 12012 attempted (j) 608,
149,grow,"27,328",growth (n) 27328 grow (v) 24753 growing (j) 10815 grower (n) Sci 1446 regrowth (n) Sci+Med 121 growing (n) 92 grown (j) 48 regrow (v) Sci 34,
150,test,"27,244",test (n) Edu 36756 test (v) 18883 testing (n) 7978 pretest (n) Edu 1483 posttest (j) Edu 1205 subtest (n) Edu 936 tester (n) Med 692 tested (j) 205 testable (j) 178untested (j) 160 retest (n) Med 139 retest (v) Med 138 testing (j) 68 untestable (j) 22 retesting (n) Edu+Med 14,
151,example,"26,843",example (n) 26843,
152,lack,"26,816",lack (n) 17504 lack (v) 9312 lacking (j) 19,
153,state,"26,778",state (n) 103379 state (v) 25860 statement (n) 16529 stated (j) 802 unstated (j) 116,
154,review,"26,678",review (n) 16718 review (v) 8692 reviewer (n) 1268 reviewing (n) 99 reviewed (j) Edu 43 reviewable (j) Law 23,
155,manage,"26,648",management (n) 26648 manager (n) 13120 manage (v) 12502 managing (j) 1630 managerial (j) Edu 1240 managed (j) Med 723 manageable (j) 570 mismanagement(n) His 306 managing (n) 153 unmanageable (j) 113 mismanage (v) 71 mismanaged (j) 18,
156,survey,"26,442",survey (n) 22873 survey (v) 3569 surveyor (n) 392 surveyed (j) Edu 144 surveying (j) 17 surveying (n) Soc 13,
157,vary,"26,402",variable (n) Edu 23896 vary (v) 10043 variation (n) 8445 variance (n) Edu 5992 varying (j) 2500 variability (n) 2323 varied (j) 1948 variable (j) 1946 variant (n) 1520invariably (r) 1174 invariant (j) 262 invariance (n) Sci 153 variate (n) Edu 98 invariable (j) Hum 50 variably (r) Med 35 unvarying (j) 33,
158,degree,"26,200",degree (n) 26200,
159,global,"26,073",global (j) 21589 globalization (n) 3018 globally (r) 912 globalized (j) 316 globalize (v) 169 globalism (n) 125 globalizing (j) 69,
160,examine,"25,910",examine (v) 25731 examination (n) Med 7824 examiner (n) Edu 695 unexamined (j) 179 examined (j) Rel 139 examinee (n) Edu 66,
161,tend,"25,815",tend (v) 18816 tendency (n) 6999 tending (n) Hum 11 tended (j) 10,
162,therefore,"25,808",therefore (r) 25808,
163,pattern,"25,705",pattern (n) 25705 patterned (j) 421 patterning (n) Hum 167 pattern (v) 125 patterning (j) Sci 21,
164,access,"25,664",access (n) 17146 access (v) 4229 accessible (j) 2855 accessibility (n) 962 inaccessible (j) 472 inaccessibility (n) Hum 81,
165,interact,"25,543",interaction (n) 17901 interact (v) 4529 interactive (j) 2687 interacting (j) 339 interactional (j) Med 207 interactionism (n) Edu+Soc+Med 89 interactively (r) 87,
166,task,"25,244",task (n) 25244 task (v) 117,
167,recognize,"25,090",recognize (v) 24165 recognizable (j) Hum 770 recognized (j) 597 unrecognized (j) 328 unrecognizable (j) 115 recognizably (r) Hum 89 recognised (j) Med 24recognisable (j) Med 15,
168,previous,"24,886",previous (j) 15796 previously (r) 9090,
169,find,"24,873",find (v) 115811 finding (n) 24873 find (n) Soc 607 finder (n) Sci 568,
170,act,"24,769",action (n) 35869 act (n) 24769 act (v) 15765 actor (n) 5526 actress (n) 487 inaction (n) 335 acting (j) 247 acting (n) 150 actionable (j) Law 66,
171,equal,"24,721",equal (j) 9869 equally (r) 6964 equality (n) 3795 inequality (n) 2445 equal (v) 1152 unequal (j) 972 equal (n) 356 equalize (v) 251 equalization (n) 115 unequally (r) 69equalizer (n) 66 equalizing (j) 21 unequalled (j) His 18,
172,impact,"24,659",impact (n) 24599 impact (v) Edu 1268 impacted (j) 60 impacting (j) Sci 17,
173,conflict,"24,365",conflict (n) 21511 conflicting (j) 1763 conflict (v) 945 conflictual (j) 146 conflicted (j) Rel 136,
174,context,"24,324",context (n) 24121 contextual (j) Edu 1433 contextually (r) 151 contextualized (j) 52,
175,communicate,"24,073",communication (n) 17757 communicate (v) 6070 communicative (j) Hum 717 communicator (n) 390 communicating (j) 246 communicating (n) Edu 103uncommunicative (j) Rel 15,
176,africa,"23,820",African (j) 23820 African (n) His 2093,
177,contain,"23,809",contain (v) 22632 container (n) 2503 containment (n) 1029 contained (j) 148 containing (j) 16,
178,relative,"23,648",relatively (r) 16084 relative (j) 7440 relative (n) 4310 relativism (n) Rel 598 relativistic (j) 350 relativist (n) 124 relativize (v) Rel 90,
179,critic,"23,450",critical (j) 21381 critic (n) Hum 8207 critically (r) 1647 uncritical (j) 244 uncritically (r) 178,
180,purpose,"23,261",purpose (n) 23214 purposeful (j) Edu 535 purposefully (r) 290 purposely (r) 269 purposive (j) Edu 158 purposeless (j) Rel 55 purpose (v) 47 purposefulness (n) Edu 22purposelessness (n) Hum+Rel 9,
181,address,"23,176",address (v) 23176 address (n) 6069 addressee (n) Hum 265 addressed (j) 37,
182,success,"23,050",success (n) 22544 successful (j) 16409 successfully (r) 5461 unsuccessful (j) 1180 unsuccessfully (r) 303,
183,interpret,"23,032",interpretation (n) 12483 interpret (v) 8685 interpretive (j) 1313 interpreter (n) 1280 interpretative (j) Hum 290 misinterpret (v) 272 reinterpretation (n) 222misinterpretation (n) 206 reinterpret (v) 123 interpretable (j) Edu 114 interpreting (n) 40 interpreted (j) 20,
184,benefit,"23,018",benefit (n) 23018 benefit (v) 7133,
185,attitude,"22,815",attitude (n) 22142 attitudinal (j) 673,
186,affect,"22,637",affect (v) 22206 affect (n) Soc 2320 affected (j) Med 1132 unaffected (j) 431 affecting (j) 37,
187,understand,"22,526",understand (v) 38406 understanding (n) 22450 understandable (j) 1118 misunderstanding (n) 957 misunderstand (v) 674 understandably (r) 573 understood (j) 76misunderstood (j) 73 understanding (j) 27 understandingly (r) His 1,
188,link,"22,395",link (v) 11650 link (n) 7959 linkage (n) 2021 linked (j) 525 linking (n) 193 interlink (v) 47 interlinked (j) 44,
189,reveal,"22,238",reveal (v) 22238 revelation (n) Rel 2871 revealing (j) 598 revealed (j) Rel 197 revealingly (r) 22 unrevealed (j) Rel 11 reveal (n) Med 7,
190,status,"22,138",status (n) 22138,
191,necessary,"22,087",necessary (j) 22087 necessarily (r) 7663 unnecessary (j) 1587 unnecessarily (r) 300 necessary (n) Law 67,
192,emerge,"22,028",emerge (v) 14077 emerging (j) 3947 emergence (n) 3151 emergent (j) 853 emergent (n) 71,
193,achieve,"21,851",achieve (v) 21493 achievement (n) Edu 14117 achievable (j) 358 achiever (n) Edu 356 achieved (j) 54 unachievable (j) 51,
194,indeed,"21,728",indeed (r) 21728,
195,category,"21,500",category (n) 18881 categorize (v) 1956 categorization (n) 663 categorized (j) 47,
196,conduct,"21,428",conduct (v) 21428 conduct (n) Law 3926 conductor (n) Hum 1258 semiconductor (n) Sci 1091 conductive (j) Med 281 conductivity (n) Sci 278 conduction (n) Sci+Med264 conducting (n) Hum 149 conductance (n) 75,
197,modern,"21,198",modern (j) 20470 modernity (n) Hum 2062 postmodern (j) Hum 1900 modernization (n) His 1790 modernist (j) Hum 1157 modernism (n) Hum 1074 postmodernism(n) Hum 851 modernize (v) 651 postmodernist (j) Hum 383 modernist (n) Hum 245 modern (n) 103 modernizing (j) 81 modernized (j) 77 modernizer (n) His+Hum 49postmodern (n) Rel 19 modernizing (n) His 18,
198,continue,"20,747",continue (v) 37152 continuous (j) 4420 continued (j) 4289 continuing (j) 3703 continuity (n) 2493 continually (r) 2159 continuously (r) 1698 continuation (n) 1072continual (j) 913 continuance (n) 223,
199,demonstrate,"20,624",demonstrate (v) 20624 demonstration (n) 4047 demonstrator (n) 385 demonstrated (j) Edu 287 demo (n) 247 demonstrative (j) Hum 80 demonstratively (r) Law 11,
200,unit,"20,604",unit (n) 20604,
201,total,"20,559",total (j) 20559 total (n) 6577 totally (r) 3295 total (v) 1390 totality (n) 906 totalizing (j) Hum 86 totaled (j) Hum+Fin 3,
202,complex,"20,472",complex (j) 15016 complexity (n) 5456 complex (n) 3276,
203,employ,"20,443",employee (n) 14013 employ (v) 11963 employment (n) 8265 employer (n) 5335 unemployment (n) 2791 unemployed (j) 1168 employed (j) 215 employable (j) Edu 73employ (n) His 49 unemployable (j) Law 8,
204,promote,"20,420",promote (v) 16903 promotion (n) 3517 promoter (n) 504 promotional (j) 449 promoted (j) 20 promo (n) Sci 7,
205,literature,"20,400",literature (n) 20400,
206,procedure,"20,374",procedure (n) 18907 procedural (j) 1467,
207,appropriate,"20,325",appropriate (j) 16638 inappropriate (j) Edu 2209 appropriate (v) 1862 appropriately (r) 1767 appropriateness (n) Edu 767 inappropriately (r) 262 inappropriateness(n) 58,
208,estimate,"20,214",estimate (v) 10905 estimate (n) 8208 estimated (j) 3374 estimation (n) 1101 estimator (n) 137,
209,negative,"20,187",negative (j) 17740 negatively (r) 2447 negative (n) 693 negativity (n) 186 negativism (n) 21,
210,characteristic,"20,148",characteristic (n) 17663 characteristic (j) 2037 characteristically (r) 448 uncharacteristic (j) 91 uncharacteristically (r) 87,
211,typical,"20,101",typically (r) 10841 typical (j) 9237 untypical (j) 23,
212,challenge,"20,044",challenge (n) 19765 challenge (v) 9486 challenging (j) Edu 2619 challenger (n) Law 572 unchallenged (j) 279 challenged (j) Law 96 unchallengeable (j) 19challengingly (r) Sci 1,
213,principle,"20,005",principle (n) 20005 principled (j) Law 304 unprincipled (j) Law 43,
214,element,"19,799",element (n) 19799,
215,ethnic,"19,710",ethnic (j) 15041 ethnicity (n) 3964 ethnically (r) 705 ethnicization (n) His 74 ethnical (j) Edu 13,
216,depend,"19,706",depend (v) 12016 dependent (j) 7128 depending (i) 4598 dependent (n) 530 dependable (j) 269 dependability (n) Edu 161 dependant (j) Soc 35 depending (j) 32dependably (r) 20 undependable (j) 18 dependant (n) Soc 17,
217,create,"19,685",create (v) 53032 creation (n) 10529 creative (j) 8655 creativity (n) Edu 4221 creator (n) 1819 re-create (v) 1097 created (j) Rel 525 creatively (r) 501 creative (n)Hum+Fin 21,
218,western,"19,646",western (j) 19006 midwestern (j) 716 westerner (n) 603 westernized (j) 137 western (n) 66 westernize (v) 37,
219,integrate,"19,546",integration (n) 7308 integrate (v) 6866 integrated (j) 4145 integrative (j) 776 reintegration (n) 254 reintegrate (v) 137 integrator (n) Sci 89 integrating (j) 60,
220,aspect,"19,409",aspect (n) 19409,
221,publish,"19,285",publish (v) 16448 publisher (n) 2562 published (j) 1798 publishing (n) 1558 unpublished (j) 1039 republish (v) Hum 89 publishable (j) Edu+Hum 24,
222,perspective,"19,185",perspective (n) 19185 perspectival (j) Hum 80,
223,basic,"19,145",basic (j) 19145 basically (r) 2543 basics (n) 964,
224,belief,"19,073",belief (n) 19073 disbelief (n) 347 unbelief (n) Rel 98,
225,technique,"18,672",technique (n) 18672,
226,outcome,"18,636",outcome (n) 18636,
227,explore,"18,585",explore (v) 13872 exploration (n) 4442 explorer (n) Sci 1736 exploratory (j) Edu 1232 unexplored (j) 271,
228,distribute,"18,565",distribution (n) 11539 distribute (v) 5345 distributor (n) Fin 916 redistribution (n) 657 distributed (j) 435 redistribute (v) 352 distributive (j) 237 distributional (j) 228redistributive (j) Soc 162 distributing (j) His 7,
229,future,"18,385",future (n) 19301 future (j) 18385 futuristic (j) 197 futurist (n) Hum 149 futurism (n) Hum 57 Futurist (j) Hum 13,
230,importance,"18,368",importance (n) 18368 unimportance (n) 18,
231,independent,"18,360",independent (j) 15475 independently (r) 2885 independent (n) 649,
232,initial,"18,351",initial (j) 12096 initially (r) 6255 initial (n) 793 initialize (v) Sci 51 initialization (n) Sci 38 initial (v) His 24,
233,feature,"18,310",feature (n) 18310 feature (v) 5592 featured (j) 177 featureless (j) Sci 118,
234,desire,"18,185",desire (n) 11634 desire (v) 3235 desirable (j) 2987 desired (j) 2446 undesirable (j) 931 desirability (n) Soc 733 undesired (j) 102 desirous (j) 85 undesirable (n) 40desiring (j) Hum 18 undesirability (n) Law 17,
235,follow,"18,040",follow (v) 42590 following (j) 17205 follow-up (j) Med 2665 follow-up (n) Med 2116 follower (n) 1907 following (i) 893 following (r) 835 following (n) 371 follow (n) Med141,
236,alternative,"17,947",alternative (n) 8425 alternative (j) 8342 alternatively (r) 1180,
237,consistent,"17,938",consistent (j) 11557 consistently (r) 4649 inconsistent (j) 1732,
238,basis,"17,933",basis (n) 17933,
239,contrast,"17,854",contrast (n) 14666 contrast (v) 2444 contrasting (j) 744 contrastive (j) Hum 45 contrasted (j) 24,
240,obtain,"17,648",obtain (v) 17489 obtainable (j) 114 unobtainable (j) 45,
241,regard,"17,543",regarding (i) 12681 regard (v) 8263 regardless (r) 5719 regard (i) 4465 regard (n) 2706 disregard (v) 855 disregard (n) 371 regards (i) 231,
242,europe,"17,512",European (j) 17512 European (n) His 3851,
243,distinct,"17,481",distinction (n) 7455 distinct (j) 6653 distinctive (j) 3023 distinctly (r) 910 distinctiveness (n) 382 distinctively (r) 350 distinctness (n) Rel 126 indistinct (j) 113indistinctly (r) Hum 11,
244,express,"17,479",express (v) 16963 expression (n) 10875 expressive (j) Hum 1389 expressly (r) Law 569 expressed (j) 516 express (j) Law 401 expressiveness (n) Hum 146expressively (r) Hum 53 inexpressible (j) Hum 42 unexpressed (j) Hum+Rel 39 expressionless (j) Hum 24 expressionlessly (r) 0,
245,variety,"17,471",variety (n) 17471 varietal (j) 23,
246,broad,"17,406",broad (j) 13566 broadly (r) 2006 broaden (v) 1498 broadening (n) 159 broadened (j) 90 broadening (j) 87 broad (n) Law 6,
247,component,"17,339",component (n) 17228 component (j) 111,
248,frequent,"17,339",frequently (r) 11800 frequent (j) 4743 infrequently (r) 415 frequent (v) 389 infrequent (j) 381,
249,assume,"17,332",assume (v) 16971 assumed (j) 361 unassuming (j) 83,
250,add,"17,187",add (v) 29760 additional (j) 16683 addition (i) 9337 additionally (r) Edu 3532 addition (n) 2746 added (j) 2023 additive (j) 504 additive (n) Med 320 adding (j) Sci 63adding (n) 22,
251,tool,"16,929",tool (n) 16929 tool (v) Sci 146 tooling (n) Sci 49 tooling (j) Sci 27 tooled (j) Hum 1,
252,predict,"16,900",predict (v) 11984 predictor (n) Edu+Soc 4287 prediction (n) 4280 predictive (j) Edu 1622 predictable (j) 1580 unpredictable (j) 1063 predicted (j) 814 predictably (r) 460predictability (n) 414 unpredictability (n) 222 unpredictably (r) 84,
253,internal,"16,794",internal (j) 14532 internally (r) 1140 internalize (v) 1122 internalization (n) Edu 255 internalized (j) 211 internalizing (j) Med 88,
254,labor,"16,780",labor (n) 16780 laborer (n) His 1404 labor (v) 883 Labour (j) Law 428 laboring (j) His 60 labourer (n) His 53 labour (v) His 33 labored (j) 19,
255,engage,"16,753",engage (v) 16753 engagement (n) Edu 4796 engaging (j) 672 engaged (j) 607 engagingly (r) 20,
256,separate,"16,736",separate (j) 8997 separate (v) 7065 separation (n) 4493 separately (r) 2364 separated (j) 623 separatist (j) His+Law 318 separating (j) 259 separateness (n) 203separatism (n) His 179 separatist (n) His 129 separate (n) Hum 12,
257,high,"16,676",high (j) 108493 highly (r) 16676 high (r) 2897 high (n) 293,
258,rely,"16,550",rely (v) 9772 reliability (n) Edu 6442 reliable (j) 4108 reliance (n) 1960 reliably (r) 710 unreliable (j) 586 reliant (j) 205 unreliability (n) Hum 133,
259,assess,"16,521",assessment (n) Edu 22206 assess (v) 16198 reassess (v) 326 reassessment (n) 233 assessor (n) 225 assessed (j) 90 assessable (j) Hum 22 assessing (j) Edu+Med 7,
260,objective,"16,434",objective (n) 11293 objective (j) 3620 objectivity (n) 874 objectively (r) 647 objectivism (n) Rel 30,
261,encourage,"16,413",encourage (v) 16413 encouraging (j) 2653 encouragement (n) Edu 1550 encouragingly (r) 25,
262,adopt,"16,248",adopt (v) 12066 adoption (n) 4182 adoptive (j) Soc 416 adopted (j) 387 adopter (n) 158 adopting (j) 31,
263,view,"16,190",view (n) 35174 view (v) 16190 viewer (n) Hum 3486 worldview (n) Rel 1403 viewing (n) 1285 viewable (j) Sci 52,
264,stable,"16,185",stability (n) 6794 stable (j) 5834 instability (n) 1943 stabilize (v) 1800 unstable (j) 1455 stabilization (n) 1146 stable (n) 197 stabilizing (j) 159 stabilizer (n) Med 158stabilized (j) 83 stabilizing (n) 17 stable (v) Fin 5,
265,client,"16,181",client (n) 16181,
266,instrument,"16,121",instrument (n) 16121 instrumental (j) Hum 2968 instrumentation (n) 942 instrumentalist (n) Hum 198 instrument (v) Med 43 instrumental (n) Soc 1,
267,extend,"15,970",extend (v) 12623 extended (j) 3347 extender (n) Sci 84 extendable (j) Sci 11,
268,construct,"15,927",construction (n) 11559 construct (v) 9897 construct (n) Edu 3732 reconstruction (n) 2447 reconstruct (v) 1488 constructive (j) 1412 constructivist (n) Edu 670constructed (j) 321 constructively (r) 206 reconstructed (j) 156 Constructivist (j) Edu+Hum 65 constructor (n) 61 unreconstructed (j) His+Law 38,
269,demand,"15,792",demand (n) 15792 demand (v) 8079 demanding (j) 664 undemanding (j) 24,
270,vision,"15,772",vision (n) 15772 visionary (j) 684 visionary (n) 155,
271,propose,"15,503",propose (v) 10626 proposal (n) 7466 proposed (j) 4877 proposer (n) Rel 18,
272,efficient,"15,455",efficiency (n) 6778 efficient (j) 5493 efficiently (r) 1738 inefficient (j) 895 inefficiency (n) 499 inefficiently (r) 52,
273,solution,"15,396",solution (n) 15396,
274,multiple,"15,382",multiple (j) 14263 multiple (n) 1119,
275,conclusion,"15,194",conclusion (n) 15194,
276,overall,"15,165",overall (j) 11602 overall (r) 3563 overall (n) 937,
277,presence,"15,105",presence (n) 15105,
278,claim,"14,947",claim (v) 16031 claim (n) 14844 claimant (n) Law 293 claimed (j) 103 unclaimed (j) 65,
279,transform,"14,946",transform (v) 8091 transformation (n) 6642 transformational (j) Edu 485 transformer (n) Sci 241 transformed (j) 213,
280,generate,"14,942",generate (v) 13865 generating (j) 1000 generative (j) Hum 313 generated (j) 77,
281,failure,"14,596",failure (n) 14596,
282,advance,"14,577",advanced (j) 6915 advance (n) 5795 advance (v) 5725 advancement (n) 1937 advancing (j) 776 advance (j) 65,
283,connect,"14,498",connection (n) 12620 connect (v) 9440 connected (j) 853 connector (n) Sci 686 connecting (j) 493 connectedness (n) 409 connectivity (n) Sci 402 interconnection (n)375 reconnect (v) Rel 272 connective (j) Med 266 interconnected (j) 246 interconnect (v) 233 unconnected (j) 171 reconnection (n) Sci 105 connective (n) Hum 19connexion (n) 19,
284,journal,"14,411",journal (n) 14411,
285,initiate,"14,335",initiative (n) 8323 initiate (v) 5979 initiation (n) Hum 2005 initiator (n) 199 initiate (n) Hum 162 uninitiated (j) Hum 123 initiated (j) Hum 69 initiating (j) 33,
286,enhance,"14,315",enhance (v) 10980 enhanced (j) 1784 enhancement (n) 1551 enhancer (n) Med 100 enhancing (j) Med 23,
287,accurate,"14,180",accurate (j) 5885 accuracy (n) 4734 accurately (r) 3201 inaccurate (j) 845 inaccuracy (n) 254 inaccurately (r) 106,
288,facility,"14,147",facility (n) 14147,
289,urban,"14,114",urban (j) 13119 urbanization (n) 800 urbanized (j) 195 urbanize (v) His 82 urbanist (n) Soc 20,
290,protect,"14,048",protect (v) 16503 protection (n) 14048 protective (j) 2879 protected (j) 1877 protector (n) 602 unprotected (j) 496 protectionism (n) His+Law 387 protectionist (j) His+Law318 protectionist (n) His+Law 61 protecting (j) 37 protectiveness (n) 28 protectively (r) Hum 27,
291,extent,"14,021",extent (n) 14021,
292,mental,"13,983",mental (j) 13983 mentally (r) 1508 mentality (n) 1005,
293,consequence,"13,866",consequence (n) 13866,
294,institute,"13,841",institute (n) 12650 institute (v) 1191,
295,content,"13,707",content (n) 13707 content (j) Edu 4515 content (v) 336,
296,device,"13,669",device (n) 13669,
297,scholar,"13,542",scholar (n) 10992 scholarly (j) 2550,
298,visual,"13,475",visual (j) 13475 visually (r) Soc 2933 visualize (v) 880 visualization (n) 707 visuals (n) Edu 152 visualized (j) Edu 21,
299,above,"13,458",above (i) 12455 above (r) 10820 above (j) 2638,
300,unique,"13,431",unique (j) 11454 uniquely (r) 1139 uniqueness (n) 838,
301,difficult,"13,377",difficult (j) 23475 difficulty (n) 13377,
302,discipline,"13,331",discipline (n) 9933 interdisciplinary (j) 1891 disciplinary (j) 1507 disciplined (j) 489 discipline (v) 422 undisciplined (j) 89 disciplinarian (n) 64 indiscipline (n) 20 disciplining (n) 17 disciplining (j) 11,
303,sustain,"13,291",sustain (v) 5708 sustainable (j) 3586 sustained (j) 1905 sustainability (n) 1783 unsustainable (j) 309,
304,capacity,"13,167",capacity (n) 13001 incapacity (n) 166,
305,perceive,"13,146",perceive (v) 13146 perceived (j) Soc 5969 perceiving (j) Hum+Rel 33,
306,ie,"13,129",ie (r) 13129,
307,ensure,"12,973",ensure (v) 12973,
308,conclude,"12,938",conclude (v) 12359 concluding (j) 579,
309,combine,"12,900",combine (v) 11399 combination (n) 9515 combined (j) 3331 recombination (n) Sci 154 recombinant (j) Med 98 recombine (v) Sci 95 combine (n) 73 combining (j) 54,
310,agriculture,"12,819",agricultural (j) 7473 agriculture (n) 5346 agriculturalist (n) Soc 148 agriculturist (n) 34,
311,moreover,"12,762",moreover (r) 12762,
312,emphasize,"12,685",emphasize (v) 12685,
313,rapid,"12,658",rapidly (r) 6283 rapid (j) 6238 rapid (n) 147 rapidity (n) 137,
314,approximate,"12,642",approximately (r) 10656 approximate (v) 819 approximation (n) 650 approximate (j) 517,
315,accept,"12,573",accept (v) 18386 acceptance (n) 5840 acceptable (j) 4729 accepted (j) 1856 unacceptable (j) 1219 acceptability (n) Edu 736 unacceptably (r) 89 acceptably (r) 59acceptor (n) Sci 49 unacceptability (n) 17,
316,sector,"12,563",sector (n) 12563 sectoral (j) Law 316,
317,commit,"12,532",commitment (n) 12532 commit (v) 7893 committed (j) 1109 uncommitted (j) 83,
318,experiment,"12,483",experiment (n) 11408 experimental (j) 6834 experiment (v) 1796 experimentation (n) 1075 experimenter (n) 1003 experimentally (r) Sci 482 experimentalist (n) Sci 97experimentalism (n) Edu 26,
319,implicate,"12,440",implication (n) 11291 implicate (v) 1149 implicated (j) Med 29,
320,evaluate,"12,392",evaluation (n) Edu 14392 evaluate (v) 12392 evaluative (j) Edu 574 evaluator (n) Edu 530 evaluating (j) 16,
321,precise,"12,344",precisely (r) 6507 precise (j) 3438 precision (n) 2195 imprecise (j) 204 imprecision (n) Hum 64,
322,notion,"12,286",notion (n) 12286,
323,domestic,"12,267",domestic (j) 12267 domestically (r) Law 383 domesticity (n) Hum 166 domestic (n) His 109,
324,restrict,"12,248",restriction (n) 4805 restrict (v) 4714 restrictive (j) 1331 restricted (j) 997 unrestricted (j) 401 restrictively (r) 15,
325,consist,"12,201",consist (v) 12201,
326,actual,"12,198",actually (r) 18823 actual (j) 11772 actuality (n) 426 actualize (v) Rel 267 actualization (n) Edu+Rel 112 actualized (j) Edu+Rel 22,
327,formal,"12,179",formal (j) 9602 formally (r) 1958 formalize (v) 343 formality (n) 264 formalism (n) Hum 225 formalized (j) 207 formalization (n) 69 formalistic (j) Hum 62 formalist(j) Hum 33,
328,industry,"12,107",industry (n) 25627 industrial (j) 10459 industrialized (j) 1407 industrialization (n) 959 industrialist (n) His 365 industrialize (v) 171 industrially (r) 77 industrialism (n)70 industrializing (j) His 29,
329,revolution,"12,045",revolution (n) 8496 revolutionary (j) 3549 revolutionize (v) 513 revolutionary (n) Law 360 revolutionist (n) His 21 revolutionized (j) His 8,
330,fundamental,"11,966",fundamental (j) 9763 fundamentally (r) 2203 fundamentalist (j) Rel 821 fundamentalist (n) Rel 793 fundamentalism (n) 692 fundamental (n) 442,
331,essential,"11,870",essential (j) 11870 essentially (r) 5905 essential (n) 378 essentialized (j) Soc 60 essentialist (j) 17 essentiality (n) Hum 14,
332,adapt,"11,852",adapt (v) 6283 adaptation (n) 3499 adaptive (j) 2070 adapter (n) Sci 695 maladaptive (j) Edu 382 adaptability (n) Edu 379 adaptable (j) 317 adapted (j) Soc 273adaptor (n) Sci 35 adaption (n) Med 28,
333,contact,"11,847",contact (n) 11847 contact (v) 5015,
334,colleague,"11,797",colleague (n) 11797,
335,dimension,"11,722",dimension (n) 11722 three-dimensional (j) Sci 1131 dimensional (j) 343,
336,account,"11,722",account (n) 17015 account (v) 11722 accounting (n) 3151 accounting (j) Sci 76,
337,statistic,"11,706",statistics (n) 5918 statistical (j) 5788 statistically (r) Edu 4251 statistic (n) Edu 678 statistician (n) 188,
338,theme,"11,702",theme (n) 11702 thematic (j) Hum 1050 thematically (r) Hum 152 themed (j) Edu 25,
339,locate,"11,701",location (n) 12275 locate (v) 11035 relocate (v) 916 relocation (n) 666 locator (n) 82 locational (j) Soc 75 located (j) Edu 21 relocated (j) 18 locater (n) Sci+Fin 3,
340,adequate,"11,692",adequate (j) 5975 inadequate (j) 2998 adequately (r) 2451 inadequately (r) 268,
341,large,"11,684",large (j) 70352 largely (r) 11684 large (r) 1767 largish (j) Sci+Med 4,
342,ideal,"11,602",ideal (j) 5965 ideal (n) 3683 ideally (r) 1343 idealism (n) 611 idealized (j) Hum 503 idealize (v) Hum 306 idealist (n) 189 idealization (n) Hum 149 idealist (j) Hum 75,
343,philosophy,"11,585",philosophy (n) 8494 philosophical (j) Rel 3732 philosopher (n) 3091 philosophic (j) Law 321 philosophically (r) 291 philosophize (v) 61 philosophizing (n) 19,
344,minor,"11,538",minority (n) 11538 minor (j) 4325 minor (n) 489,
345,hypothesis,"11,533",hypothesis (n) 9411 hypothesize (v) 2122 hypothesized (j) Soc 383,
346,psychology,"11,472",psychological (j) 11472 psychology (n) Edu 9746 psychologist (n) Edu 6586 psychologically (r) 790,
347,enable,"11,414",enable (v) 11242 enabler (n) Edu 209 enabling (j) 172,
348,trend,"11,407",trend (n) 11407 trend (v) 52,
349,exchange,"11,401",exchange (n) 11401 exchange (v) 1741 exchanger (n) Sci 304 exchangeable (j) 45 exchanged (j) 21,
350,percent,"11,300",percentage (n) 11300,
351,sufficient,"11,288",sufficient (j) 6716 sufficiently (r) 2369 insufficient (j) 1979 insufficiently (r) 224,
352,substantial,"11,243",substantial (j) 7810 substantially (r) 3433 insubstantial (j) Hum 69 substantiality (n) Law 20,
353,explain,"11,142",explain (v) 30005 explanation (n) 10158 explanatory (j) 984 unexplained (j) Med 351 explained (j) Soc 131 explaining (n) 19 explainer (n) Hum 3,
354,emotion,"11,103",emotional (j) 11103 emotion (n) 5547 emotionally (r) 1729 unemotional (j) Rel 49,
355,prefer,"11,091",preference (n) 7256 prefer (v) 7157 preferred (j) 2440 preferential (j) 706 preferable (j) 689 preferably (r) 529 preferentially (r) Sci 143 preferment (n) 16,
356,calculate,"11,075",calculate (v) 6941 calculation (n) 3566 calculated (j) 497 calculator (n) 422 miscalculation (n) His 141 recalculate (v) 71 miscalculate (v) Law 62 calculating (j) 42recalculation (n) 22 calculating (n) 10,
357,external,"11,045",external (j) 10434 externalize (v) Med 615 externally (r) 611 externality (n) Law 432 externalizing (j) Edu+Med 149 external (n) Rel 49 externalization (n) 39externalized (j) 23,
358,code,"11,004",code (n) 10521 code (v) Soc 2283 coding (n) Edu 1252 coded (j) 483,
359,flow,"10,970",flow (n) 10970 flow (v) 3957 flowing (j) 400,
360,transition,"10,915",transition (n) 9705 transitional (j) 1210,
361,subsequent,"10,904",subsequent (j) 7281 subsequently (r) 3623 subsequent (i) 256,
362,phase,"10,870",phase (n) 10870 phase (v) 452 phased (j) Edu 122 phasing (n) Sci 15,
363,rural,"10,841",rural (j) 10841,
364,intense,"10,813",intensity (n) 5456 intense (j) 4778 intensive (j) 2713 intensify (v) 1688 intensely (r) 892 intensification (n) 370 intensively (r) 314 intensified (j) 272 intensifying (j) 36,
365,monitor,"10,792",monitor (v) 7319 monitoring (n) 3473 monitor (n) 2993 monitored (j) Med 52,
366,compete,"10,736",competition (n) 12593 competitive (j) 6948 compete (v) 5013 competitor (n) Fin 3379 competing (j) 2269 competitiveness (n) 1519 competitively (r) 162uncompetitive (j) Law 43,
367,core,"10,713",core (n) 10713 core (v) Med 38,
368,volume,"10,676",volume (n) 10676,
369,framework,"10,591",framework (n) 10591,
370,incorporate,"10,580",incorporate (v) 9227 incorporation (n) 1220 incorporated (j) 133 unincorporated (j) 49,
371,encounter,"10,526",encounter (v) 6302 encounter (n) 4224,
372,cite,"10,511",cite (v) 9319 citation (n) 1192 cited (j) Edu 97,
373,attribute,"10,491",attribute (v) 5775 attribute (n) 3644 attribution (n) Soc 1923 attributable (j) 1072,
374,emphasis,"10,485",emphasis (n) 10485,
375,waste,"10,380",waste (n) 10380 waste (v) 2402 wasteful (j) 324 wasted (j) 195 waste (j) Sci 183 wastage (n) Edu 92 wastefulness (n) 21 wastefully (r) Law 18 waster (n) Med 13 wasting (j) 9,
376,climate,"10,272",climate (n) 10272 climatic (j) Sci 753 climatological (j) Med 56 climatically (r) 25,
377,differ,"10,170",differ (v) 8759 differing (j) 1411,
378,technical,"10,149",technical (j) 10149 technically (r) 1260 technical (n) Law 3,
379,mechanism,"10,105",mechanism (n) 10105,
380,description,"10,073",description (n) 10073 descriptive (j) Edu 3050,
381,assert,"10,016",assert (v) 6594 assertion (n) 2800 assertive (j) 622 assertiveness (n) Edu 428 assertively (r) Edu 62 asserted (j) Law 33 unassertive (j) Edu+Hum 9,
382,assist,"9,997",assistance (n) 9560 assist (v) Edu 7204 assistant (n) 2988 assistant (j) 2929 assisted (j) 437 assist (n) 47 unassisted (j) 47 assisting (j) Edu 18,
383,considerable,"9,951",considerable (j) 6984 considerably (r) 2967 inconsiderable (j) His 28,
384,modify,"9,914",modify (v) 4569 modification (n) 3373 modified (j) 1972 modifier (n) Hum 123 unmodified (j) 57,
385,isolate,"9,912",isolation (n) 3609 isolate (v) 3545 isolated (j) 2638 isolate (n) Med 223 isolationist (n) Law 180 isolationism (n) Law 165 isolating (j) 120,
386,territory,"9,882",territory (n) 7593 territorial (j) 2195 territoriality (n) 94 territorially (r) 46,
387,origin,"9,810",origin (n) 9810,
388,respective,"9,806",respectively (r) 6968 respective (j) 2838 irrespective (i) 626,
389,judge,"9,803",judgment (n) 9304 judge (n) Law 7210 judge (v) 6822 judgement (n) 499 judging (n) Sci 246 judgmental (j) Rel 219 misjudge (v) His 93 prejudge (v) 25 judged (j) Soc17,
390,cycle,"9,723",cycle (n) 9171 cyclical (j) 552 cycling (n) Med 473 cycle (v) Med 442 cyclic (j) Med 308 cyclist (n) Soc+Med 214,
391,assumption,"9,697",assumption (n) 9697,
392,germany,"9,678",German (j) 9678 German (n) His 3755 Germanic (j) Hum 231,
393,illustrate,"9,662",illustrate (v) 9224 illustration (n) 4493 illustrative (j) 438 illustrated (j) Hum 247 illustrator (n) 194,
394,justify,"9,620",justify (v) 5803 justification (n) 2621 justified (j) 382 justifiable (j) 345 justifiably (r) 225 unjustified (j) 176 unjustifiable (j) 68 unjustifiably (r) Law 29 justifying(j) Rel 23,
395,manner,"9,562",manner (n) 9562 mannered (j) Hum 38,
396,constitute,"9,552",constitute (v) 9255 constituent (n) 1800 constitutive (j) Rel 576 constituted (j) 245 constituent (j) 52,
397,phenomenon,"9,371",phenomenon (n) 9371,
398,relevant,"9,360",relevant (j) 9249 irrelevant (j) 1645 relevancy (n) 111 irrelevancy (n) 39 relevantly (r) 22,
399,acquire,"9,341",acquire (v) 8856 acquired (j) 485 acquirer (n) Fin 39,
400,correspond,"9,336",correspond (v) 3924 correspondence (n) 2574 corresponding (j) 2472 correspondingly (r) 366,
401,plan,"9,334",plan (n) 25976 plan (v) 14392 planning (n) 9334 planner (n) 2098 planned (j) 1654 unplanned (j) 183,
402,error,"9,333",error (n) 9333,
403,household,"9,330",household (n) 9330,
404,practical,"9,314",practical (j) 8867 practically (r) 1706 impractical (j) 413 practicality (n) 300 practical (n) 34 impracticality (n) 34,
405,professional,"9,188",professional (j) Edu 19253 professional (n) 8458 professionalism (n) 730 professionally (r) 721,
406,theoretical,"9,154",theoretical (j) 7758 theoretically (r) 1396 theoretician (n) Hum 184 theoretic (j) 66,
407,summary,"9,150",summary (n) 5293 summarize (v) 3678 summarily (r) 179 summarization (n) Sci 60 summarized (j) 41 summarizing (j) Edu+Hum 14,
408,depress,"9,140",depression (n) 9140 depressed (j) 1850 depressive (n) Soc 1193 depressing (j) 311 depress (v) 309 antidepressant (j) Med 110 depressingly (r) 42 depressant (n) Med22,
409,sequence,"9,116",sequence (n) 6768 sequential (j) 1074 sequencing (n) 705 sequentially (r) 298 sequence (v) 271 sequenced (j) Hum 91,
410,consider,"9,110",consider (v) 44671 consideration (n) 9110 considering (c) 1731 considering (i) 929 reconsider (v) 800 reconsideration (n) Law 244 considered (j) 87 considering (r) 13unconsidered (j) 12,
411,derive,"9,102",derive (v) 8435 derivative (n) 635 derivation (n) 279 derivative (j) 224 derived (j) 164,
412,arise,"9,054",arise (v) 9054,
413,radical,"9,046",radical (j) 5628 radically (r) 1873 radical (n) 1545 radicalism (n) His 405,
414,collect,"8,982",collection (n) 14916 collect (v) 13161 collective (j) 6238 collector (n) Hum 1689 collectively (r) 1522 collective (n) 837 collected (j) 385 collecting (n) Hum 273collectivist (n) Soc 230 collectivity (n) 197 collectivism (n) Soc 172 collectivization (n) Law 64 uncollected (j) 32 collect (n) Rel 19 collectable (j) Hum 7,
415,recognition,"8,954",recognition (n) 8954,
416,proportion,"8,947",proportion (n) 7065 proportional (j) 1197 proportionate (j) 253 proportionately (r) 233 proportionality (n) Law 219 proportion (i) 218 proportionally (r) 199proportion (v) 88,
417,mode,"8,943",mode (n) 8943 modish (j) Hum 14,
418,resist,"8,931",resistance (n) 8931 resist (v) 5147 resistant (j) Med 1581 resistive (j) 105 resistor (n) Sci 100 resistivity (n) Sci 79 resister (n) 69 resisting (j) Hum 13,
419,furthermore,"8,899",furthermore (r) 8899,
420,diverse,"8,885",diversity (n) 8885 diverse (j) Edu 8032 diversely (r) Hum 25,
421,anxiety,"8,862",anxiety (n) 8862,
422,logic,"8,831",logic (n) 5037 logical (j) 3021 logically (r) 773 illogical (j) 169 logician (n) Hum 26 illogically (r) Law 11,
423,whole,"8,806",whole (j) 13865 whole (n) 7303 wholly (r) 1503 wholeness (n) Rel 497 wholistic (j) 23,
424,character,"8,768",character (n) Hum 19242 characterize (v) 8768 characterization (n) Hum 1484 characterless (j) 6,
425,cooperate,"8,756",cooperation (n) 8125 cooperative (j) Edu 4704 cooperate (v) 2368 cooperative (n) 631 cooperating (j) Edu+Hum 464 cooperatively (r) Edu 316 uncooperative (j) 137,
426,dominate,"8,713",dominate (v) 6864 domination (n) 1849 dominated (j) 164 dominating (j) 95,
427,implement,"8,698",implement (v) Edu 12007 implementation (n) 8609 implement (n) 303 implemented (j) 89,
428,universe,"8,676",universe (n) Sci 9555 universal (j) 7031 universally (r) 1022 universality (n) 489 universalism (n) 200 universal (n) 134 universalistic (j) 102 universalize (v) Rel 93universalist (j) Rel 45 universalized (j) 44 universalizing (j) 38 universalization (n) Law 35,
429,significance,"8,632",significance (n) 8540 insignificance (n) 92,
430,resolution,"8,610",resolution (n) 8610,
431,numerous,"8,550",numerous (j) 8550,
432,extensive,"8,540",extensive (j) 6924 extensively (r) 1616 extensiveness (n) Hum 30,
433,biological,"8,483",biological (j) 7869 biologically (r) 614,
434,display,"8,482",display (v) 8482 display (n) 6184 displayed (j) 58,
435,publication,"8,447",publication (n) 8447,
436,wide,"8,383",wide (j) 14632 widely (r) 8383 width (n) Sci 1305 widen (v) 847 wide (r) 446 widening (j) 245 widening (n) 108 widened (j) 19 wide (n) Med 7,
437,permit,"8,351",permit (v) 8351 permit (n) Law 2023 permitted (j) Law 122,
438,mere,"8,338",merely (r) 8338 mere (j) 4661,
439,joint,"8,294",joint (j) 7213 joint (n) Med 1841 jointly (r) 1081 joint (v) 31,
440,comprehensive,"8,257",comprehensive (j) 8015 comp (n) Fin 250 comprehensively (r) 242 comprehensiveness (n) Edu 158 comprehensive (n) 36,
441,alter,"8,250",alter (v) 5957 alteration (n) 1251 altered (j) 890 unaltered (j) 102 unalterable (j) 50 alterable (j) Edu 29 altering (n) 10,
442,insight,"8,160",insight (n) 7621 insightful (j) 539,
443,document,"8,139",document (n) 10564 document (v) 5749 documentation (n) 1965 undocumented (j) 543 documented (j) 425,
444,imply,"8,064",imply (v) 8064 implied (j) Hum 500,
445,absence,"8,064",absence (n) 8064,
446,explicit,"8,034",explicitly (r) 4141 explicit (j) 3893 explicitness (n) Hum 45,
447,convention,"8,027",conventional (j) 7590 convention (n) Law 7432 unconventional (j) 485 conventionally (r) 437 conventionality (n) Hum 60 unconventionally (r) Soc 37conventionalism (n) Soc 25,
448,index,"8,013",index (n) 7538 index (v) 475 indexing (n) 191 indexical (j) Hum 122 indexation (n) His 45 indexer (n) Fin 33 indexed (j) 27,
449,nevertheless,"7,989",nevertheless (r) 7989,
450,facilitate,"7,929",facilitate (v) 7881 facilitator (n) Edu 830 facilitation (n) Edu 317 facilitative (j) Edu 136 facilitating (j) 48 facilitated (j) 27,
451,evolution,"7,924",evolution (n) 7924 evolutionary (j) Sci 3872 evolutionist (n) 145 evolutionarily (r) Sci 103 evolutionism (n) Soc 40,
452,intellectual,"7,910",intellectual (j) 7910 intellectual (n) 3733 intellectually (r) Edu 1012 intellectualize (v) Hum+Rel 30,
453,govern,"7,903",government (n) 71499 governor (n) 4303 govern (v) 3996 governmental (j) 2778 governing (j) 1202 nongovernmental (j) 1129 intergovernmental (j) Law 450governorship (n) His+Law 113 ungovernable (j) 30,
454,signal,"7,885",signal (n) 7885 signal (v) 2730 signaling (j) 65 signaling (n) 54,
455,passage,"7,884",passage (n) 7884,
456,discover,"7,873",discover (v) 14126 discovery (n) 7873 rediscover (v) 508 undiscovered (j) 176 discoverer (n) Sci 164 rediscovery (n) 158 discovered (j) 36 rediscovered (j) 27,
457,introduce,"7,867",introduce (v) 12987 introduction (n) 7867 introductory (j) Edu 1528 reintroduce (v) 323 introduced (j) Sci 248 reintroduction (n) 153 intro (n) Rel 83 reintroduced (j) 13,
458,boundary,"7,865",boundary (n) 7865,
459,gain,"7,823",gain (v) 13949 gain (n) 7755 gainful (j) 68 gainer (n) Edu 57 gaining (n) 29 gainfully (r) 26,
460,yield,"7,821",yield (v) 7676 yield (n) Fin 3280 yielding (j) 145 unyielding (j) 113,
461,decline,"7,815",decline (v) 6759 decline (n) 6498 declining (j) 1317,
462,ratio,"7,806",ratio (n) 7806,
463,strong,"7,800",strong (j) 28634 strongly (r) 7800 strong (r) 59,
464,crucial,"7,781",crucial (j) 7517 crucially (r) 264,
465,settle,"7,775",settlement (n) 7714 settle (v) 5963 settler (n) His 1907 resettlement (n) His 381 settled (j) 254 resettle (v) 200 settling (n) 61 settling (j) Law 59 settle (n) 13,
466,resolve,"7,707",resolve (v) 6955 unresolved (j) 752 resolve (n) 433 resolved (j) Med 47,
467,distinguish,"7,693",distinguish (v) 6497 distinguished (j) 1445 indistinguishable (j) 481 distinguishing (j) 474 distinguishable (j) 241 undistinguished (j) 51,
468,independence,"7,682",independence (n) 7682,
469,formation,"7,661",formation (n) 7661,
470,transmit,"7,628",transmission (n) 4373 transmit (v) 2756 transmitter (n) Sci 656 transmitted (j) 499 transmissible (j) 41 transmitting (j) 33 transmittal (n) Law 24,
471,shape,"7,576",shape (n) 9389 shape (v) 6871 shaped (j) 389 shaping (j) 360 shaping (n) 345 shaper (n) 75 shapeless (j) Hum 55 misshapen (j) 52 shapely (j) Med 45,
472,racial,"7,499",racial (j) 7499 racism (n) 2657 racist (j) 926 racially (r) 661 racist (n) 309 racialized (j) His 142 racialism (n) His 76 racialization (n) His 68 racialist (j) His 35 intraracial(j) Edu 30 interracially (r) Edu 17,
473,detect,"7,491",detect (v) 7491 detection (n) 2612 detector (n) Sci 2214 detective (n) Hum 1010 detectable (j) 453 undetected (j) 204 undetectable (j) Med 110 detected (j) Sci 48detecting (n) 11,
474,poverty,"7,484",poverty (n) 7484,
475,intent,"7,403",intention (n) 6250 intent (n) 3138 intentional (j) 1153 intentionally (r) 866 intent (j) 805 unintentional (j) Med 276 intentionality (n) Rel 270 unintentionally (r) 263 intently (r) 176,
476,mutual,"7,391",mutual (j) 5660 mutually (r) 1731 mutuality (n) Rel 194,
477,evolve,"7,373",evolve (v) 6448 evolving (j) 631 evolved (j) 294,
478,shift,"7,361",shift (v) 7393 shift (n) 7361 shifting (j) 1093 shifting (n) 281 shifted (j) Sci 15,
479,progress,"7,353",progress (n) 11004 progressive (j) 3763 progress (v) 2365 progression (n) Med 1761 progressively (r) 871 progressive (n) 354,
480,flexible,"7,327",flexibility (n) 3518 flexible (j) 3431 inflexible (j) 272 flexibly (r) Edu 122 inflexibility (n) 106 inflexibly (r) 13,
481,domain,"7,319",domain (n) 7319,
482,profession,"7,248",profession (n) 7248 pro (n) 1537 pro (j) 779 pro (i) 443 unprofessional (j) 104 pro (r) 18,
483,apparent,"7,246",apparent (j) 7246 apparently (r) 6295,
484,coordinate,"7,240",coordinate (v) 2658 coordination (n) 2370 coordinator (n) Edu 1783 coordinate (n) 1013 coordinated (j) 871 coordinating (j) 223 uncoordinated (j) 105 ordinator(n) Rel 9,
485,constrain,"7,237",constraint (n) 5006 constrain (v) 2015 unconstrained (j) Soc 171 constrained (j) 167 constraining (j) 49,
486,assign,"7,218",assign (v) 7218 assignment (n) Edu 4872 assigned (j) Edu 591 reassign (v) 130 reassignment (n) 82 unassigned (j) His 23,
487,asia,"7,192",Asian (j) 7192 Asian (n) 956 Asiatic (j) His 123,
488,electronic,"7,157",electronic (j) 6505 electronics (n) Sci 2176 electronically (r) 652,
489,exception,"7,150",exception (n) 7150 exceptional (j) Edu 1760 exceptionally (r) 785 exceptionality (n) Edu 80 unexceptional (j) Hum 43 unexceptionable (j) Law 17,
490,visible,"7,067",visible (j) 6815 invisible (j) 2211 visibility (n) 1161 visibly (r) 369 invisibility (n) 252 invisibly (r) 63,
491,norm,"7,026",norm (n) 7026 norming (n) Edu 47 normativity (n) Law+Rel 35 normed (j) Edu 22 normlessness (n) Soc 20,
492,adjust,"7,012",adjustment (n) 6879 adjust (v) 5678 adjusted (j) Med 576 adjustable (j) Sci 523 readjustment (n) 133 readjust (v) 120 unadjusted (j) Med 117 adjuster (n) Med 111adjusting (j) His 5 adjusting (n) Med 4,
493,consumption,"6,944",consumption (n) 6944,
494,symbol,"6,944",symbol (n) 6944 symbolic (j) Hum 4524 symbolize (v) Hum 1494 symbolism (n) Hum 1012 symbolically (r) Hum 635,
495,dominant,"6,931",dominant (j) 6931 dominant (n) 58,
496,barrier,"6,916",barrier (n) 6916,
497,motor,"6,890",motor (n) 6890 motorized (j) 186 motor (v) 179 motorist (n) 167 motoring (n) 38,
498,entry,"6,842",entry (n) 6842,
499,underlie,"6,818",underlying (j) 4259 underlie (v) 2103 underly (v) 456 underlay (v) 29 underlay (n) His 10,
500,bias,"6,804",bias (n) 5141 biased (j) 707 bias (v) 610 unbiased (j) 346 biasing (j) Rel 21,
501,discriminate,"6,763",discrimination (n) 4857 discriminate (v) 1379 discriminatory (j) Law 729 indiscriminate (j) 296 discriminating (j) 231 indiscriminately (r) 197,
502,hence,"6,745",hence (r) 6745,
503,guide,"6,741",guide (n) 7535 guide (v) 5111 guidance (n) Edu 4505 guiding (j) 1630 guided (j) Edu 899 unguided (j) 57 guider (n) Sci 32,
504,give,"6,735",give (v) 90650 given (j) 6735 giver (n) 351 giving (n) Rel 224 given (n) 63,
505,dialogue,"6,692",dialogue (n) 6692 dialog (n) Sci 568 dialogic (j) Hum 343,
506,manufacture,"6,653",manufacturer (n) 6151 manufacturing (n) 5291 manufacture (v) 2102 manufacture (n) 818 manufactured (j) 544 manufacturable (j) Sci 18,
507,enterprise,"6,651",enterprise (n) 6651,
508,scope,"6,610",scope (n) 6610 scoped (j) His+Med 3,
509,ethical,"6,609",ethical (j) 6188 ethically (r) 421 unethical (j) 329 unethically (r) 16,
510,province,"6,608",province (n) 4646 provincial (j) 1962 provincialism (n) Hum 46 provincial (n) Rel 29 provincially (r) Law 13,
511,retain,"6,569",retain (v) 6468 retainer (n) Hum 197 retained (j) 101 retaining (j) 50,
512,capable,"6,567",capability (n) 6567 capable (j) 6131 incapable (j) 997 capably (r) 19,
513,revise,"6,482",revision (n) 2644 revise (v) 2340 revised (j) 1498 revisionist (n) Law 602 revisionism (n) 116 revisionary (j) Hum 34 Revisionist (j) Law 24,
514,reside,"6,477",resident (n) 8994 residential (j) 3517 reside (v) 2960 residence (n) 2676 resident (j) 1148 residency (n) 654,
515,expansion,"6,454",expansion (n) 6454 expansionist (j) His 187 expansionism (n) His 104 expansionary (j) 78,
516,strength,"6,443",strength (n) 12651 strengthen (v) 5930 strengthening (n) 412 strengthened (j) 101,
517,simultaneous,"6,441",simultaneously (r) 5012 simultaneous (j) 1429 simultaneity (n) Hum 138,
518,possess,"6,437",possess (v) 6327 possession (n) 2882 possessor (n) 110 possessive (j) 91 possessed (j) 63 repossess (v) 29 possessing (j) 23 possessiveness (n) Hum+Rel 20repossession (n) Hum 20 possessively (r) Rel 8 possessory (j) His 8 possessive (n) Hum 6,
519,manifest,"6,426",manifest (v) 2862 manifestation (n) 2512 manifest (j) 826 manifestly (r) 226 manifest (n) 22,
520,incentive,"6,377",incentive (n) 6377,
521,survive,"6,372",survive (v) 7625 survival (n) 6372 survivor (n) 2184 surviving (j) 1014 survivability (n) 74 survivalist (n) Rel 26,
522,recommend,"6,348",recommend (v) Med 9192 recommendation (n) 6348 recommended (j) Med 1244,
523,rational,"6,297",rational (j) 3678 rationality (n) 1139 irrational (j) 922 rationalize (v) 548 rationally (r) 389 rationalization (n) 370 rationalism (n) Rel 348 rationalist (n) Rel 215irrationality (n) 173 rationalistic (j) Rel 68 irrationally (r) 57 rationalized (j) Hum 49 rationalist (j) Hum 17,
524,member,"6,295",member (n) 54340 membership (n) 6295,
525,migrate,"6,260",migration (n) 4615 migrate (v) 1645 migratory (j) Sci 533 migrating (j) Sci 50 transmigration (n) 42,
526,utility,"6,259",utility (n) 6259,
527,reinforce,"6,207",reinforce (v) 6207 reinforcement (n) Edu 1861 reinforcer (n) Edu 327 reinforcing (j) 90 reinforced (j) 79,
528,part,"6,201",part (n) 65959 part (r) 8481 partly (r) 4270 partial (j) 3297 partially (r) 2904 part (i) 2632 part (v) 287 parting (n) 117 partial (n) Edu+Hum 19 parted (j) Hum+Med 7,
529,persist,"6,178",persist (v) 3413 persistent (j) 2406 persistence (n) Edu 2055 persistently (r) 359,
530,exhibit,"6,170",exhibit (v) 6170 exhibition (n) Hum 5653 exhibit (n) 2255 exhibitor (n) Sci 670 exhibitionism (n) Soc 79 exhibited (j) Hum 53 exhibitionist (n) Rel 40 exhibiting (n)Hum 15,
531,virtue,"6,158",virtue (n) 5575 virtuous (j) 583,
532,convert,"6,126",convert (v) 5273 convert (n) 853 converter (n) Sci 435 convertible (j) 202 converted (j) 162 convertible (n) Fin 142 convertibility (n) His 109 unconverted (j) Rel 29,
533,ongoing,"6,114",ongoing (j) 6114,
534,administrate,"6,110",administration (n) 17947 administrator (n) Edu 8427 administrative (j) 5980 administratively (r) 106 administrate (v) 24,
535,consequent,"6,047",consequently (r) 5366 consequent (j) 681,
536,detail,"6,021",detail (n) 12491 detailed (j) 6021 detail (v) 1405 detailing (n) Hum 22,
537,hierarchy,"6,012",hierarchy (n) 3815 hierarchical (j) 2027 hierarchically (r) 170 hierarchic (j) 25,
538,wealth,"6,009",wealth (n) 6009 wealthy (j) 2784,
539,trait,"5,999",trait (n) 5999,
540,manipulate,"5,984",manipulate (v) 3081 manipulation (n) 2903 manipulative (j) 306 manipulator (n) 141 manipulated (j) 72,
541,instance,"5,962",instance (n) 5962,
542,principal,"5,933",principal (j) 5030 principal (n) Edu 4321 principally (r) 903,
543,superior,"5,924",superior (j) 4380 superiority (n) 1544 superior (n) 671,
544,motive,"5,908",motivation (n) Edu 8361 motivate (v) 4794 motive (n) 3620 motivational (j) Soc 1611 motivated (j) 869 motivator (n) Med 381 motivating (j) 245 unmotivated (j) Edu75,
545,innovate,"5,901",innovation (n) 5240 innovator (n) 415 innovate (v) 246,
546,thereby,"5,895",thereby (r) 5895,
547,exclude,"5,891",exclude (v) 5741 excluding (i) 364 excluded (j) 150,
548,prominent,"5,878",prominent (j) 5102 prominently (r) 776,
549,assembly,"5,858",assembly (n) 5858,
550,stress,"5,837",stress (n) Med 13916 stress (v) 5837 stressor (n) Soc 1818 stressful (j) Soc 1556 stressed (j) Med 119 unstressed (j) Hum 34,
551,guideline,"5,832",guideline (n) 5832,
552,scheme,"5,828",scheme (n) 5333 schematic (j) 495 scheme (v) 94 schematically (r) 89 scheming (j) Hum 23,
553,import,"5,796",import (n) 3798 import (v) 1998 imported (j) 1052 importer (n) 409 importation (n) 385 importing (n) Law 75,
554,profile,"5,790",profile (n) 5790 profile (v) 484 profiling (n) 122 profiled (j) Hum 13 profiling (j) 13,
555,scenario,"5,761",scenario (n) 5761,
556,input,"5,734",input (n) 5428 input (v) 306,
557,undertake,"5,694",undertake (v) 4863 undertaking (n) 831,
558,consensus,"5,689",consensus (n) 5689,
559,demography,"5,676",demographic (j) 5229 demographics (n) Edu 1165 demography (n) 276 demographically (r) 171 demographer (n) 150,
560,formula,"5,667",formula (n) 3790 formulate (v) 2928 formulation (n) 2366 reformulate (v) 224 formulaic (j) Hum 200 reformulation (n) 149 reformulated (j) 94 formulated (j) Rel 11,
561,contradict,"5,638",contradiction (n) 2536 contradictory (j) 1646 contradict (v) 1456,
562,help,"5,635",help (v) 58902 help (n) 10930 helpful (j) 5025 helping (n) 830 helper (n) 783 helpless (j) 545 helplessness (n) 478 unhelpful (j) 132 helplessly (r) 106 helpfulness (n) Edu98 helped (j) 72 helpfully (r) Rel 60 unhelpfully (r) Hum+Rel 6,
563,mediate,"5,593",mediate (v) 2214 mediation (n) 1706 mediator (n) 1125 mediating (j) 366 mediated (j) 182 unmediated (j) Hum 166 intermediation (n) His+Law 47,
564,equation,"5,574",equation (n) 5574,
565,parallel,"5,560",parallel (j) 2335 parallel (n) 2088 parallel (r) Med 1189 parallel (v) 1137 unparalleled (j) 334 parallelism (n) Hum 292,
566,evident,"5,558",evident (j) 5558 evidently (r) 1085,
567,dynamics,"5,548",dynamics (n) 5548,
568,vital,"5,531",vital (j) 5310 vitally (r) 221,
569,vessel,"5,517",vessel (n) 5517,
570,inherent,"5,514",inherent (j) 4001 inherently (r) 1513,
571,practitioner,"5,482",practitioner (n) 5482,
572,highlight,"5,464",highlight (v) 5464 highlight (n) 758 highlighting (n) Med 59 highlighted (j) 46 highlighter (n) Med 31,
573,probably,"5,459",probably (r) 19611 probability (n) 4068 probable (j) 1391 improbable (j) 382 probabilistic (j) 161 improbably (r) 51 improbability (n) 44,
574,share,"5,450",share (v) 19692 share (n) Fin 10496 shared (j) 4534 sharing (n) 916 sharing (j) 74 unshared (j) 14,
575,main,"5,449",main (j) 17118 mainly (r) 5374 main (n) 102 main (r) 75,
576,myth,"5,334",myth (n) 5334 mythical (j) Hum 644 mythic (j) Hum 527,
577,ethics,"5,312",ethics (n) 5312,
578,exceed,"5,303",exceed (v) 5303 exceedingly (r) 562,
579,format,"5,290",format (n) 5290 format (v) Sci 506 formatting (n) Sci 52,
580,exploit,"5,269",exploit (v) 3010 exploitation (n) 1954 exploit (n) Hum 409 exploitative (j) 238 exploited (j) 157 exploitable (j) 73 exploiter (n) 67,
581,database,"5,243",database (n) 5243,
582,oblige,"5,234",obligation (n) 5234 oblige (v) 1137 obligate (v) 483 obligatory (j) 333 obliging (j) 47 obligated (j) 42 obliged (j) 31 obligingly (r) 26,
583,profound,"5,217",profound (j) 3694 profoundly (r) 1523,
584,inquire,"5,215",inquiry (n) 5215 inquire (v) 889 inquirer (n) Rel 99 inquiring (j) 58,
585,successor,"5,212",successor (n) 1963 succession (n) 1566 successive (j) 1480 successively (r) 203,
586,fragment,"5,211",fragment (n) 2833 fragmentation (n) 1118 fragmented (j) 948 fragment (v) 312 fragmentary (j) Hum 283,
587,output,"5,179",output (n) 5179 output (v) Sci 218,
588,dynamic,"5,174",dynamic (j) 4965 dynamically (r) 209 dynamical (j) Sci 160,
589,etc,"5,164",etc (r) 5164 etcetera (r) Rel 13,
590,extension,"5,140",extension (n) 5140,
591,empirical,"5,127",empirical (j) 5127 empirically (r) Edu 1079,
592,reproduce,"5,119",reproduce (v) 2660 reproduction (n) 2459 reproducible (j) Med 147 reproducibility (n) Med 106 reproduced (j) Hum+Rel 24,
593,widespread,"5,110",widespread (j) 5110,
594,ritual,"5,105",ritual (n) 4925 ritual (j) Hum 2645 ritually (r) 204 ritualized (j) 180 ritualistic (j) Hum 168 ritualization (n) His 23 ritualistically (r) 13,
595,nonetheless,"5,049",nonetheless (r) 5049,
596,expect,"5,045",expect (v) 25414 expectation (n) Edu 11476 expected (j) 3343 unexpected (j) 2506 expectancy (n) 1702 unexpectedly (r) 629 expectant (j) 93 expectantly (r) 25expectedly (r) Edu 19 unexpectedness (n) Hum 12,
597,specify,"5,015",specify (v) 3928 specified (j) 1087 unspecified (j) 345 specifiable (j) 20,
598,abstract,"4,981",abstract (j) 4464 abstraction (n) Hum 1295 abstract (n) Med 612 abstract (v) 433 abstractly (r) 84 abstracted (j) 61 abstractness (n) Edu 19 abstractedly (r) Law 1,
599,foster,"4,969",foster (v) 4459 foster (j) 1717 fostering (n) 510,
600,circuit,"4,953",circuit (n) 4953 circuitry (n) Sci 362 circuitous (j) Hum 95,
601,colony,"4,951",colonial (j) His 7129 colony (n) 4413 colonialism (n) His 1288 colonization (n) His 1259 postcolonial (j) Hum 1095 colonist (n) 985 colonize (v) 538 colonized (j)His+Hum 316 colonialist (j) His+Hum 125 colonialist (n) His 62 colonial (n) 59 colonizing (j) His 24,
602,neutral,"4,883",neutral (j) 3477 neutrality (n) 736 neutralize (v) 670 neutralization (n) His 133 neutrally (r) 55 neutral (n) 39 neutralizing (n) Med 16 neutralized (j) His 13,
603,workshop,"4,872",workshop (n) 4872,
604,great,"4,838",great (j) 68158 greatest (j) 7691 greatly (r) 4838 great (r) 1149 greatness (n) 588,
605,graph,"4,816",graph (n) 4816 graph (v) 162 graphing (j) Edu+Sci 12,
606,minimize,"4,812",minimize (v) 4607 minimization (n) 205 minimized (j) 27,
607,compose,"4,790",composition (n) Hum 7046 compose (v) 4790 composer (n) Hum 1617 compositional (j) Hum 494 composing (n) Hum 84 composed (j) Hum 56,
608,autonomy,"4,765",autonomy (n) 4765,
609,aim,"4,735",aim (v) 7213 aim (n) 4735 aimless (j) Hum 62 aimlessly (r) 54 aimlessness (n) Law 16,
610,maximum,"4,721",maximum (j) 4721 maximum (n) 1789 max (v) 34,
611,comprise,"4,707",comprise (v) 4707,
612,heritage,"4,686",heritage (n) 4686,
613,spatial,"4,625",spatial (j) 4188 spatially (r) 437,
614,allocate,"4,624",allocation (n) 2387 allocate (v) 2066 allocated (j) Med 187 reallocate (v) 109 reallocation (n) 62,
615,margin,"4,617",margin (n) 3499 marginal (j) 2594 marginalize (v) 958 marginally (r) 565 marginalization (n) 542 marginalized (j) 500 marginality (n) Soc 258,
616,informal,"4,610",informal (j) 4048 informally (r) 458 informality (n) 104,
617,spectrum,"4,603",spectrum (n) 4603,
618,differentiate,"4,579",differentiate (v) 2679 differentiation (n) 1442 undifferentiated (j) 342 differentiated (j) Edu 222 differentiating (j) 116,
619,entity,"4,578",entity (n) 4578,
620,prior,"4,559",prior (i) 7984 prior (j) 4126 prior (r) 433 prior (n) 46,
621,realm,"4,559",realm (n) 4559,
622,absolute,"4,555",absolute (j) 4555 absolutely (r) 2715 absolutist (n) Rel 200 absolutism (n) 160 absolute (n) Rel 112,
623,undermine,"4,546",undermine (v) 4402 undermining (n) 144 undermined (j) His 11,
624,array,"4,535",array (n) 4535 array (v) 191 arrayed (j) 12,
625,counterpart,"4,532",counterpart (n) 4532,
626,render,"4,512",render (v) 4512 rendering (n) Hum 609,
627,accumulate,"4,502",accumulate (v) 2391 accumulation (n) 1527 accumulated (j) 538 accumulative (j) Hum 47 accumulating (j) 46 accumulator (n) Sci 33,
628,quantity,"4,455",quantity (n) 4168 quantitative (j) Edu 2760 quantitatively (r) 287,
629,diminish,"4,438",diminish (v) 3344 diminishing (j) 445 diminished (j) 442 diminution (n) 207 undiminished (j) 52,
630,indirect,"4,437",indirect (j) 2697 indirectly (r) 1740 directness (n) Hum 129,
631,parameter,"4,426",parameter (n) 4426,
632,classify,"4,420",classify (v) 4316 classified (j) Law 564 reclassify (v) 104 unclassified (j) 81,
633,be,"4,416",be (v) 3457266 being (n) Rel 9773 well-being (n) 4416 AM (r) 3711 re (i) Law 1381 m (j) Hum 34,
634,certain,"4,384",certain (j) 25281 certainly (r) 11950 uncertainty (n) 4384 uncertain (j) 2381 certainty (n) 1622 certain (r) 285 cert (n) Law 273 uncertainly (r) 30,
635,civilize,"4,376",civilization (n) 4376 civilized (j) 914 civilizing (j) Hum 168 uncivilized (j) 110 civilize (v) 63 civilised (j) His 27,
636,critique,"4,356",critique (n) 4033 critique (v) 323,
637,paradigm,"4,356",paradigm (n) 4356 paradigmatic (j) Hum 353,
638,diagram,"4,347",diagram (n) 4347 diagrammatic (j) Hum 78 diagram (v) 30,
639,expertise,"4,300",expertise (n) 4300,
640,inventory,"4,299",inventory (n) 4299 inventory (v) 56,
641,occupation,"4,281",occupation (n) 4281 occupational (j) Edu 2763,
642,every,"4,274",every (a) 41932 everything (p) 12488 everyone (p) 10898 everyday (j) 4274 everywhere (r) 3056 everybody (p) 2709 every (r) 78 everydayness (n) Law 21everybody (n) His 1,
643,advise,"4,238",advise (v) 3702 advisory (j) 2235 adviser (n) 2186 advisor (n) 1792 advisable (j) 211 advisory (n) Med 81 advisability (n) 32 inadvisable (j) 27 advisedly (r) Hum 12,
644,stimulate,"4,236",stimulate (v) 3381 stimulation (n) Med 1788 stimulating (j) 855 stimulated (j) Med 242 stimulatory (j) Med 16,
645,sensitive,"4,228",sensitive (j) 5778 sensitivity (n) 4130 insensitive (j) 397 insensitivity (n) 213 sensitively (r) 98,
646,precede,"4,214",unprecedented (j) 2246 precede (v) 2163 precedent (n) Law 1868 preceding (j) 1529 precedence (n) 522 unprecedentedly (r) 28,
647,label,"4,208",label (v) 3721 label (n) 3600 labeled (j) 393 labeling (n) 233 labeling (j) 94 labelling (n) Med 37 unlabeled (j) 28 labelled (j) Rel 26,
648,comparative,"4,199",comparative (j) 3301 comparatively (r) 898,
649,ready,"4,182",ready (j) 7234 readily (r) 4182 readiness (n) Edu 1551 ready (v) 221 ready (r) 117 ready (n) 30 unready (j) Edu 23,
650,manual,"4,169",manual (n) 2725 manual (j) 1444 manually (r) Sci 611,
651,minimal,"4,155",minimal (j) 3547 minimally (r) 608 minimalist (n) Hum 183 minimalism (n) Hum 79 minimalist (j) Hum 52 minimalistic (j) Hum 10,
652,owned,"4,134",owner (n) 7992 ownership (n) 4134 owned (j) 67,
653,net,"4,132",net (j) 4132 net (n) 3107 net (v) Fin 313 netting (n) 176 netted (j) Hum 13 netter (n) Sci 13,
654,weak,"4,127",weak (j) 6273 weakness (n) 3851 weaken (v) 2487 weakly (r) 357 weakest (j) 322 weakening (j) 276 weakened (j) 207 weakling (n) 36,
655,will,"4,109",will (v) 200030 willing (j) 7944 will (n) 7600 willingness (n) 3539 unwilling (j) 1302 unwillingness (n) 570 willingly (r) 568 unwillingly (r) 49,
656,compliance,"4,101",compliance (n) 4101,
657,articulate,"4,078",articulate (v) 3710 articulation (n) Hum 1206 articulated (j) 368 articulate (j) 342 articulatory (j) Hum+Rel 46,
658,advocate,"4,060",advocate (n) 4515 advocate (v) 4060,
659,aggression,"4,042",aggression (n) 4042,
660,acquisition,"4,040",acquisition (n) 4040,
661,compatible,"4,013",compatible (j) 1902 incompatible (j) 1062 compatibility (n) 745 incompatibility (n) 304,
662,dependence,"4,004",dependence (n) 2982 interdependence (n) 1022,
663,inhabit,"3,998",inhabitant (n) 2305 inhabit (v) 1693 uninhabited (j) 125 inhabited (j) 105 uninhabitable (j) 57 inhabitable (j) 10,
664,align,"3,984",align (v) 2338 alignment (n) 1646 aligned (j) Edu 28,
665,favor,"3,962",favor (v) 5455 favor (i) 3564 favorable (j) 3125 favor (n) 1899 favorably (r) 837 favored (j) 550 favourable (j) Med 153 favour (v) Med 110 unfavourable (j) Med 37favourably (r) Med 30 favoured (j) 26 favoring (j) 13,
666,integrity,"3,951",integrity (n) 3951,
667,special,"3,945",special (j) Edu 25564 specialist (n) 5664 specialized (j) 2953 specialize (v) 2138 specialty (n) 1749 specialization (n) 992 specially (r) 888 special (n) 128 specialist (j)Edu+Med 94 speciality (n) 56 specialised (j) Med 30,
668,likewise,"3,927",likewise (r) 3927,
669,fulfill,"3,927",fulfill (v) 2134 fulfil (v) 1793 fulfillment (n) Rel 1272 unfulfilled (j) 224 fulfilled (j) 80 fulfilling (j) 77 fulfilment (n) Rel 74,
670,sphere,"3,924",sphere (n) 3924 spherical (j) Sci 511,
671,stimulus,"3,918",stimulus (n) 3918,
672,linear,"3,915",linear (j) 3915 nonlinear (j) Sci 947 linearly (r) 209 linearity (n) 158,
673,infrastructure,"3,913",infrastructure (n) 3913 infrastructural (j) 121,
674,municipal,"3,913",municipal (j) 2577 municipality (n) 1336 municipally (r) 27,
675,implicit,"3,912",implicit (j) 2557 implicitly (r) 1355,
676,inclusion,"3,894",inclusion (n) 3894,
677,forum,"3,887",forum (n) 3887,
678,convey,"3,876",convey (v) 3876 conveyor (n) Sci 371 conveyance (n) 180 conveyer (n) 39,
679,virtual,"3,846",virtually (r) 6879 virtual (j) 3846,
680,necessity,"3,821",necessity (n) 3821,
681,attain,"3,809",attain (v) 3309 attainment (n) Edu 1583 attainable (j) 298 unattainable (j) 202 attained (j) Edu 20,
682,obstacle,"3,800",obstacle (n) 3800,
683,transact,"3,784",transaction (n) 3695 transact (v) 89,
684,empower,"3,773",empower (v) 1913 empowerment (n) 1463 empowering (j) 397 empowered (j) Hum 129,
685,dilemma,"3,768",dilemma (n) 3768,
686,designate,"3,763",designate (v) 2576 designation (n) 1187 designated (j) 1134,
687,geography,"3,755",geography (n) Soc 3867 geographic (j) 2961 geographical (j) Soc 2909 geographer (n) Soc 1062 geographically (r) 794,
688,conversion,"3,747",conversion (n) 3747,
689,clarify,"3,745",clarify (v) 2980 clarity (n) 1982 clarification (n) 765 clarifying (j) 19 clarified (j) Hum 14,
690,socioeconomic,"3,743",socioeconomic (j) 3743 socioeconomically (r) Edu 57,
691,classification,"3,734",classification (n) 3734 reclassification (n) 72,
692,random,"3,701",random (j) 3701 randomly (r) Edu 2394 randomized (j) Med 451 randomize (v) Med 440 random (r) 317 randomization (n) Med 286 randomised (j) Med 264randomness (n) 172,
693,complement,"3,697",complementary (j) 1580 complement (v) 1492 complement (n) 625 complementarity (n) Rel 370,
694,directed,"3,673",director (n) 18085 directive (n) 1756 directory (n) 1021 redirect (v) 589 directed (j) 307 directorship (n) 81 misdirect (v) 60 undirected (j) Edu 47 misdirected (j) 37directorial (j) Hum 30 directing (j) 25 misdirection (n) 23 redirected (j) Edu 14 directing (n) 10,
695,exclusive,"3,638",exclusively (r) 3443 exclusive (j) 2814 exclusivity (n) 195 exclusiveness (n) 47,
696,identical,"3,636",identical (j) 3636 identically (r) 113,
697,correct,"3,630",correct (j) 6469 correct (v) 3124 correctly (r) 2848 correction (n) 2078 incorrect (j) 1185 corrective (j) 625 incorrectly (r) 493 correctness (n) 472 correctional (j) Edu 439corrective (n) 208 corrected (j) 157 uncorrected (j) 48 correcting (j) Edu 9,
698,vertical,"3,629",vertical (j) 3043 vertically (r) 586 vertical (n) Hum 54,
699,viable,"3,616",viable (j) 2673 viability (n) 943 nonviable (j) His 25,
700,sum,"3,613",sum (n) 3613 sum (v) 1722 summed (j) 39,
701,sociology,"3,602",sociology (n) 1407 sociological (j) 1100 sociologist (n) 1031 sociologically (r) 64,
702,subjective,"3,601",subjective (j) 3348 subjectivity (n) Hum 1200 subjectively (r) 253 subjectivism (n) Rel 50,
703,print,"3,601",print (n) 6450 print (v) 3319 printer (n) Sci 2552 printed (j) 1258 printing (n) 1255 reprint (v) 1088 reprint (n) Med 361 printable (j) Sci 25 misprint (n) Hum 15reprinting (n) Hum 12,
704,consistency,"3,599",consistency (n) 3599,
705,short,"3,511",short (j) 16396 short (r) 3511 shortage (n) 2711 shorten (v) Med 838 shortened (j) 199 shortness (n) Med 131 short (v) Fin 79 shortening (n) Med 69 shortening (j) Med9 shortish (j) Law+Rel 2,
706,induce,"3,492",induce (v) 3211 inducement (n) 281 induced (j) 198,
707,recipient,"3,484",recipient (n) 3484,
708,cultivate,"3,480",cultivate (v) 2167 cultivation (n) 1313 cultivated (j) 507 cultivator (n) Soc 122 uncultivated (j) 50,
709,beneficial,"3,469",beneficial (j) 3469 beneficially (r) 40,
710,suit,"3,453",suit (n) Law 3919 suit (v) 2962 suitable (j) 2819 suitability (n) 355 unsuitable (j) 279 suitably (r) 179 unsuited (j) 82 suited (j) 68 unsuitability (n) 17,
711,extract,"3,450",extract (v) 2288 extract (n) Med 1071 extraction (n) 1008 extractive (j) 154 extracted (j) 83 extractor (n) Med 50,
712,excess,"3,442",excessive (j) 2947 excess (j) Med 1762 excess (n) 1349 excessively (r) 495,
713,conceive,"3,415",conceive (v) 3415 conceivable (j) 559 conceivably (r) 437 inconceivable (j) 296 conceiving (n) 30 inconceivably (r) 14,
714,problem,"3,415",problem (n) 81576 problematic (j) 3415 unproblematic (j) Hum 106 problematical (j) 105 problematic (n) Hum 76 problematically (r) Hum 33,
715,valid,"3,409",validity (n) Edu 6174 valid (j) 3409 validly (r) Edu 80 invalidity (n) 33,
716,expand,"3,394",expand (v) 10720 expanding (j) 1771 expanded (j) 1623 expandable (j) Sci 86,
717,embody,"3,384",embody (v) 3384 embodiment (n) Hum 814,
718,analytic,"3,384",analytical (j) 2103 analytic (j) 1049 analytically (r) 232,
719,artifact,"3,365",artifact (n) 3365,
720,predominant,"3,330",predominantly (r) 2144 predominant (j) 842 predominance (n) 344,
721,suppress,"3,324",suppress (v) 2256 suppression (n) 1068 suppressed (j) 102 suppressor (n) Med 67,
722,situation,"3,322",situation (n) 27284 situate (v) 2167 situational (j) 1155 situated (j) Soc 77,
723,reject,"3,309",reject (v) 8038 rejection (n) 3126 rejected (j) 183 reject (n) 105,
724,moral,"3,295",moral (j) Rel 17288 morality (n) 3097 morally (r) Rel 1829 moral (n) 790 moralistic (j) 198 moralist (n) Rel 167 moralize (v) Hum 82 moralizing (j) Hum 45 moralizing (n) 37,
725,fix,"3,294",fix (v) 3712 fixed (j) 3294 fix (n) 1076 fixing (n) Law 131 fixer (n) 61 fixity (n) Hum 52 unfixed (j) Hum 16 fixedly (r) Hum 11 fixable (j) 7,
726,patent,"3,289",patent (n) 3174 patent (v) 350 patently (r) 239 patented (j) Sci 217 patent (j) 115 patentable (j) 66 patenting (n) Sci 23 patenting (j) Sci 12,
727,less,"3,273",less (r) 37524 less (d) 24481 lesser (j) 2168 lessen (v) 1105 lessening (n) Law 91 lessened (j) 43,
728,matrix,"3,271",matrix (n) 3271,
729,innovative,"3,269",innovative (j) 3269 innovatively (r) 25,
730,know,"3,264",know (v) 89693 unknown (j) 4713 known (j) 3102 well-known (j) 2351 knowing (j) Rel 415 knowingly (r) Law 280 unknowable (j) 162 unknown (n) 155 knowable (j) Rel143 unknowingly (r) 138 unknowing (j) Rel 76 know (n) 70 knowing (n) Hum+Rel 24,
731,decision,"3,239",decision (n) 31706 decision-making (j) 1645 decision-making (n) 1594,
732,voluntary,"3,224",voluntary (j) 3224 voluntarily (r) 934 voluntariness (n) Law+Rel 121 voluntaristic (j) 24,
733,expenditure,"3,211",expenditure (n) 3211,
734,stem,"3,208",stem (v) 3208 stem (n) 2543 stemmed (j) Med 24,
735,uniform,"3,188",uniform (j) 1873 uniform (n) 1355 uniformly (r) 710 uniformity (n) 605 uniformed (j) 220,
736,monetary,"3,183",monetary (j) 3183 monetarist (n) Law 83 monetarism (n) Law 32 monetarily (r) 30,
737,strike,"3,175",strike (v) 6889 strike (n) His 2985 striking (j) 2539 strikingly (r) 636 striker (n) His 245 striking (n) 54 struck (j) Sci 7,
738,collaborate,"3,172",collaboration (n) Edu 5165 collaborative (j) Edu 3046 collaborate (v) 1951 collaborator (n) 1221 collaborating (j) 39 collaborationist (n) His 16,
739,map,"3,169",map (n) 8651 map (v) 1938 mapping (n) 1231 mapped (j) Sci 32 mapper (n) Sci 32 unmapped (j) 16,
740,degrade,"3,165",degradation (n) 1848 degrade (v) 1062 degraded (j) 255 degrading (j) 50 degrading (n) 18,
741,outline,"3,147",outline (v) 3147 outline (n) 1983 outlined (j) 22,
742,name,"3,137",name (n) 24201 name (v) 9319 namely (r) 3096 rename (v) 691 naming (n) 566 unnamed (j) Hum 342 named (j) 285 nameless (j) 183 renaming (n) 56 renamed (j) 41misnamed (j) Law 13,
743,validate,"3,132",validate (v) 1934 validation (n) 1198 invalidate (v) Law 461 validated (j) Edu 173 validating (j) 20,
744,appreciate,"3,128",appreciate (v) 4677 appreciation (n) 3128 appreciative (j) 205 unappreciated (j) 63 appreciated (j) Fin 41 appreciatively (r) Rel 31 appreciating (j) 17 unappreciative (j)Rel 15,
745,exclusion,"3,128",exclusion (n) 2791 exclusionary (j) 337,
746,embed,"3,123",embed (v) 2289 embedded (j) 715 embedding (n) 119,
747,dual,"3,113",dual (j) 2635 duality (n) 478 dualism (n) Rel 458 dualistic (j) Rel 188 dualist (n) Rel 36,
748,distort,"3,110",distortion (n) 1665 distort (v) 1445 distorted (j) 549 distorting (j) 59 undistorted (j) 32,
749,conform,"3,103",conform (v) 1939 conformity (n) 962 conformist (n) 92 nonconformity (n) Edu 77 conformance (n) 67 nonconformist (j) 56 nonconformist (n) 54 conformation (n) 52,
750,verify,"3,102",verify (v) 1943 verification (n) 934 verifiable (j) 225 verified (j) 35 verifier (n) Rel 13,
751,supplement,"3,085",supplement (n) Med 2383 supplement (v) 1788 supplemental (j) 767 supplementary (j) 530 supplementation (n) Med 439,
752,tolerance,"3,077",tolerance (n) 3077,
753,synthesis,"3,075",synthesis (n) 2079 synthesize (v) 996 synthesizer (n) Hum 266 synthesized (j) 81 synth (n) Rel 2,
754,sole,"3,071",solely (r) 3071 sole (j) 2213 sole (n) Med 308,
755,modem,"3,057",modem (n) 3057,
756,census,"3,054",census (n) 3054,
757,consolidate,"3,048",consolidate (v) 1391 consolidation (n) 1221 consolidated (j) 436 unconsolidated (j) 30,
758,accordingly,"3,039",accordingly (r) 3039,
759,preliminary,"3,036",preliminary (j) 3036 preliminary (n) 33,
760,commodity,"3,035",commodity (n) 3035,
761,temporal,"3,025",temporal (j) 3025 temporality (n) Hum 247 temporally (r) Hum 218,
762,replicate,"3,011",replicate (v) 2090 replication (n) 921 replicated (j) 32,
763,premise,"3,010",premise (n) 3010 premise (v) Law 280,
764,originate,"2,989",originate (v) 2826 originator (n) 163 originating (j) Hum 71,
765,passive,"2,988",passive (j) 2640 passivity (n) Rel 427 passively (r) 348 passive (n) Hum 22,
766,stereotype,"2,972",stereotype (n) 2538 stereotypical (j) 467 stereotyping (n) 434 stereotyped (j) 406 stereotypically (r) 83 stereotype (v) Soc 33,
767,skill,"2,966",skill (n) Edu 34141 skilled (j) 2519 unskilled (j) 447 skillful (j) 416 skillfully (r) 331 skilful (j) His 23,
768,compensate,"2,954",compensation (n) 3141 compensate (v) 2377 compensatory (j) 577 compensating (j) 30 compensated (j) Soc 25,
769,transport,"2,943",transportation (n) 4646 transport (n) 2943 transport (v) 2180 transporter (n) 153 transportable (j) Sci 55 transported (j) Law 26,
770,composite,"2,936",composite (j) 2041 composite (n) 895,
771,equivalent,"2,927",equivalent (j) 2927 equivalent (n) 2424 equivalently (r) 71,
772,unify,"2,924",unified (j) 1386 unify (v) 1056 unification (n) His 1019 reunification (n) His 783 unifying (j) 482 reunify (v) His 63 reunified (j) His 33,
773,deem,"2,912",deem (v) 2912,
774,infer,"2,909",inference (n) 1459 infer (v) 1450 inferential (j) Edu 172,
775,aid,"2,908",aid (n) 8905 aid (v) 2908 unaided (j) Med 289 aided (j) Med 49,
776,differential,"2,892",differential (j) 2161 differential (n) 731 differentially (r) Edu 355,
777,integral,"2,891",integral (j) 2806 integrally (r) 85 integral (n) Sci 28,
778,frontier,"2,859",frontier (n) 2859,
779,able,"2,838",ability (n) Edu 29825 able (j) 29502 unable (j) 5801 inability (n) 2838 ably (r) 107,
780,diffuse,"2,828",diffusion (n) 1341 diffuse (j) 711 diffuse (v) 688 diffuser (n) Sci 115 diffused (j) 88,
781,horizontal,"2,814",horizontal (j) 2347 horizontally (r) 467 horizontal (n) Hum 17,
782,applicable,"2,790",applicable (j) 2168 applicability (n) 622 inapplicable (j) Law 98,
783,relevance,"2,790",relevance (n) 2608 irrelevance (n) 182,
784,axis,"2,783",axis (n) 2783,
785,endeavor,"2,783",endeavor (n) 2252 endeavor (v) 531 endeavour (v) His 68,
786,substitute,"2,771",substitute (n) 1729 substitute (v) 1654 substitution (n) 1042 substitute (j) Edu 424 substituted (j) Soc 18,
787,aspire,"2,769",aspiration (n) 2769 aspire (v) 973 aspiring (j) 356 aspirant (n) 99 aspirate (n) Med 50 aspirate (v) Med 47 aspirated (j) Med 16,
788,rigor,"2,766",rigorous (j) 1638 rigor (n) 756 rigorously (r) 372,
789,stance,"2,764",stance (n) 2764,
790,entail,"2,758",entail (v) 2758 entailment (n) Hum 22,
791,coerce,"2,751",coercion (n) 1281 coercive (j) 890 coerce (v) 580 coerced (j) Soc 105,
792,encompass,"2,744",encompass (v) 2744,
793,dispose,"2,742",disposal (n) 2618 dispose (v) 1241 disposable (j) 429 disposed (j) 124 dispositive (j) Law 51 disposable (n) Med 14 indisposed (j) 13,
794,governance,"2,742",governance (n) 2742,
795,pure,"2,741",pure (j) 4071 purely (r) 2324 purity (n) 856 impurity (n) 293 impure (j) 124 purist (n) 101 purism (n) Soc 35 purist (j) 27 pured (j) Med 3,
796,recruit,"2,738",recruit (v) 3785 recruitment (n) 2738 recruit (n) 818 recruiting (n) 527 recruiter (n) 387,
797,rationale,"2,736",rationale (n) 2736,
798,novel,"2,732",novel (n) Hum 9760 novel (j) 2732 novelist (n) Hum 917 novelistic (j) Hum 167,
799,configure,"2,730",configuration (n) 2730 configure (v) Sci 686,
800,maximize,"2,729",maximize (v) 2569 maximization (n) 160,
801,adult,"2,720",adult (n) 19080 adulthood (n) 1473 adult (j) 1247,
802,minimum,"2,711",minimum (j) 3625 minimum (n) 2711,
803,cue,"2,708",cue (n) 2708 cue (v) 180 cueing (j) Edu+Soc 30,
804,attach,"2,704",attach (v) 5555 attachment (n) 2704 attached (j) 253 unattached (j) 78,
805,invoke,"2,685",invoke (v) 2685 invocation (n) Hum 436,
806,optimal,"2,674",optimal (j) 2674 optimally (r) Edu 304,
807,scarce,"2,659",scarce (j) 1423 scarcity (n) 1236 scarcely (r) 876 scarce (r) 55,
808,advocacy,"2,639",advocacy (n) 2639,
809,absent,"2,630",absent (j) 2303 absent (v) 327 absenteeism (n) Edu 281 absentee (n) 181 absently (r) 4,
810,complete,"2,629",complete (v) Edu 17363 complete (j) 10162 completely (r) 8389 completion (n) Edu 3464 incomplete (j) 1756 completed (j) 788 completeness (n) 302 incompleteness(n) Hum 127 incompletely (r) 85 uncompleted (j) Rel 31,
811,proliferate,"2,623",proliferation (n) 1961 nonproliferation (n) His+Law 605 proliferate (v) 545 proliferating (j) 117 proliferative (j) Med 47,
812,contrary,"2,621",contrary (i) 2330 contrary (n) 2245 contrary (j) 376 contrarily (r) Hum 9 contrariness (n) Hum+Rel 6,
813,thesis,"2,613",thesis (n) 2613 antithesis (n) Hum 381,
814,vendor,"2,612",vendor (n) 2612,
815,prospect,"2,610",prospect (n) 4875 prospective (j) 2610 prospect (v) 86,
816,authentic,"2,609",authentic (j) 2609 authenticity (n) Hum 1292 authentically (r) Rel 221 authenticate (v) Hum 170 authentication (n) Sci 154 inauthentic (j) 93 authenticated (j) 21,
817,mark,"2,606",mark (v) 7703 mark (n) 3933 marker (n) 2427 marked (j) 1540 markedly (r) 1066 marking (n) 581 unmarked (j) 169,
818,inevitable,"2,597",inevitable (j) 2947 inevitably (r) 2597 inevitability (n) 332,
819,ambiguous,"2,579",ambiguous (j) 1898 unambiguous (j) 411 unambiguously (r) 270 ambiguously (r) Hum 96,
820,devise,"2,551",devise (v) 2551,
821,refine,"2,550",refine (v) 1739 refined (j) 957 refinement (n) 811 refinery (n) 406 refiner (n) 104 refining (n) 39 unrefined (j) Med 32 refining (j) 31,
822,erosion,"2,548",erosion (n) 2548 erosional (j) Soc+Sci 33,
823,feasible,"2,544",feasible (j) 1637 feasibility (n) 907 infeasible (j) Law 48 unfeasible (j) 30,
824,preserve,"2,540",preserve (v) 6809 preservation (n) 2172 preserve (n) 378 preserving (j) 368 preservative (n) Med 153 preserved (j) 135 preservative (j) Med 16,
825,local,"2,539",local (j) 39610 locally (r) 1786 local (n) 1503 localized (j) 753 localize (v) Med 356 localization (n) Med 349 localism (n) 69 localised (j) Med 34,
826,invent,"2,533",invent (v) 2897 invention (n) 2533 inventor (n) 1006 reinvent (v) 625 reinvention (n) Law 282 invented (j) Hum 120 inventing (n) 18 reinvented (j) Law 15,
827,fraction,"2,531",fraction (n) 2531 fractional (j) Sci 277 fractionally (r) 14,
828,strive,"2,527",strive (v) 2527 striving (n) Rel 235 striving (j) 21,
829,moderate,"2,509",moderate (j) 4242 moderate (v) 1270 moderately (r) 1239 moderate (n) 354 immoderate (j) Law+Hum 31 immoderately (r) His+Rel 9,
830,disturb,"2,502",disturbance (n) 2502 disturb (v) 1349 disturbing (j) 1349 disturbed (j) 401 undisturbed (j) 343 disturbingly (r) 105,
831,comment,"2,476",comment (n) 9551 comment (v) 4443 commentary (n) 2476,
832,prejudice,"2,476",prejudice (n) 2320 prejudicial (j) 156 prejudiced (j) 144 prejudice (v) 136 unprejudiced (j) 14,
833,elaborate,"2,470",elaborate (j) 1834 elaborate (v) 1684 elaboration (n) 786 elaborately (r) Hum 179 elaborated (j) Hum 41,
834,analogy,"2,458",analogy (n) 2458 analogical (j) Edu+Hum 325 analogize (v) Law+Hum 38,
835,restore,"2,451",restore (v) 4364 restoration (n) 2451 restored (j) 354 restoring (j) 331 restorative (j) 272 restorer (n) Soc 62 restorative (n) Med 21,
836,couple,"2,449",couple (n) 9873 couple (v) 2449 coupling (n) Sci 881 coupled (j) Sci 149 uncoupled (j) 30,
837,export,"2,433",export (n) His 5544 export (v) 2433 exporter (n) Law 785 exporting (n) His 199 exported (j) His 84,
838,within,"2,426",within (i) 63995 within (r) 2426,
839,imperative,"2,411",imperative (n) 1410 imperative (j) 1001,
840,usage,"2,407",usage (n) 2407,
841,reverse,"2,407",reverse (v) 3410 reversal (n) 1419 reverse (j) 1155 reverse (n) 920 irreversible (j) 528 reversible (j) 284 reversed (j) 91 irreversibly (r) 85 reversing (n) Fin 13reverser (n) Sci 7,
842,orient,"2,398",orient (v) 2398 oriental (j) 548 orientalism (n) His 206 orientalist (n) His 73 Orientalist (j) 49 oriental (n) His+Rel 2,
843,repeat,"2,395",repeat (v) Med 6981 repeatedly (r) 3245 repetition (n) Hum+Med 2910 repeated (j) 2395 repeat (n) Med 398 repeating (j) 259 repeatable (j) 144 repeater (n) 74 repetitious (j) 70 unrepeatable (j) Hum+Rel 29,
844,adhere,"2,392",adhere (v) 1691 adherence (n) Soc 1519 adherent (n) 701,
845,irony,"2,365",ironically (r) 2365 irony (n) Hum 1806 ironic (j) Hum 1350 ironical (j) Hum 60,
846,realize,"2,357",realize (v) 13174 realization (n) 2059 unrealized (j) 158 realized (j) 92 realizable (j) 48,
847,enlighten,"2,351",enlightenment (n) 1605 enlightened (j) 746 enlighten (v) 458 enlightening (j) 59 unenlightened (j) 37,
848,policymaker,"2,350",policymaker (n) 2350,
849,operate,"2,349",operation (n) 18011 operate (v) 12647 operating (n) 4084 operator (n) 3195 operational (j) 2349 operative (j) Med 694 op (n) 399 operationally (r) Edu 257 operative(n) His 230,
850,marital,"2,345",marital (j) 2345 premarital (j) Soc 256,
851,monopoly,"2,344",monopoly (n) 1900 monopolize (v) 305 monopolistic (j) 139 monopolist (n) Soc 113 monopolization (n) Law 83 monopolized (j) Soc 15,
852,diverge,"2,343",divergent (j) 1045 divergence (n) 708 diverge (v) 590 diverging (j) 81,
853,psychiatry,"2,336",psychiatric (j) 2336 psychiatrist (n) Rel 1262 psychiatry (n) Rel 767,
854,aggregate,"2,334",aggregate (j) 865 aggregate (n) 549 aggregation (n) 497 aggregate (v) 423 aggregated (j) 143,
855,reproductive,"2,321",reproductive (j) 2321,
856,ground,"2,314",ground (n) 17563 ground (v) 1937 foreground (n) Hum 974 grounded (j) Med 403 grounding (n) 377 ground (j) Med 286 foreground (v) Hum 168 groundless (j) 62foregrounded (j) Hum 35 foregrounding (n) Hum 28 ungrounded (j) Hum 22,
857,exert,"2,310",exert (v) 2310 exertion (n) Med 486,
858,autonomous,"2,306",autonomous (j) 2148 autonomously (r) 158,
859,dominance,"2,297",dominance (n) 2297,
860,dissatisfy,"2,296",dissatisfaction (n) 1564 dissatisfied (j) 732,
861,hostile,"2,295",hostile (j) 2790 hostility (n) 2295 hostile (n) His 20,
862,spontaneous,"2,292",spontaneous (j) 1551 spontaneously (r) 741,
863,normative,"2,266",normative (j) 2266,
864,contingent,"2,255",contingency (n) 1319 contingent (j) 936 contingent (n) 707,
865,mature,"2,251",mature (j) 1763 maturity (n) 1706 mature (v) 1199 maturation (n) 545 immature (j) 427 maturing (j) 147 immaturity (n) Edu 89 prematurity (n) Soc 53 maturational (j)Edu 40 maturely (r) Rel 15 matured (j) Edu 9,
866,disagree,"2,237",disagree (v) 3571 disagreement (n) 2237 disagreeable (j) 94 disagreeably (r) 0,
867,abundant,"2,232",abundance (n) Sci 2936 abundant (j) 1950 abundantly (r) 282,
868,warrant,"2,230",warrant (v) 1925 warrant (n) Law 644 unwarranted (j) 305 warranted (j) 16,
869,neglect,"2,207",neglect (v) 2207 neglect (n) 1315 neglected (j) 484,
870,vulnerable,"2,201",vulnerable (j) 4197 vulnerability (n) 2159 invulnerable (j) 69 invulnerability (n) 42,
871,polar,"2,199",polar (j) Sci 1448 bipolar (j) 837 polarization (n) 768 polarize (v) 459 polarity (n) 370 polarized (j) 224 polarizing (j) 82,
872,ambiguity,"2,195",ambiguity (n) 2195,
873,farm,"2,190",farmer (n) 8115 farm (n) 8050 farming (n) 2190 farm (v) 387 farmed (j) Sci 106 farming (j) Soc 50,
874,causal,"2,179",causal (j) 2067 causality (n) Rel 777 causally (r) 112,
875,academy,"2,174",academic (j) Edu 21231 academy (n) 3997 academic (n) 1957 academically (r) Edu 1136 academician (n) 217,
876,static,"2,162",static (j) 2162 static (n) 70 statically (r) Med 30,
877,disperse,"2,159",disperse (v) 1185 dispersal (n) Sci 596 dispersion (n) 590 dispersed (j) 384,
878,think,"2,157",think (v) 63193 thought (n) 13943 thinking (n) Edu 10211 thinker (n) 1968 thoughtful (j) 1132 rethink (v) 973 unthinkable (j) 419 think (n) 393 rethinking (n) 189thoughtfully (r) 163 thoughtless (j) 79 unthinking (j) 71 thoughtfulness (n) 58 unthinkingly (r) Hum 31 rethink (n) Med 26 thoughtlessly (r) Rel 22 thoughtlessness (n) Rel12,
879,pathway,"2,155",pathway (n) 2155,
880,doubt,"2,147",doubt (n) 4483 doubt (v) 2215 undoubtedly (r) 2147 doubtful (j) 643 doubtless (r) 392 doubter (n) Rel 83 undoubted (j) 55 doubting (j) Rel 13 doubting (n) Hum 10doubtfully (r) Hum 6,
881,institution,"2,147",institution (n) Edu 27323 institutional (j) Edu 8719 institutionalize (v) 911 institutionalized (j) 541 institutionalization (n) 529 institutionally (r) 166,
882,confine,"2,147",confine (v) 2147 confinement (n) 478 confining (j) 154 confined (j) 153 unconfined (j) Med 36,
883,subordinate,"2,142",subordinate (j) 1169 subordinate (n) 585 subordination (n) 576 subordinate (v) 388 insubordination (n) 72 subordinated (j) 49 insubordinate (j) His 18,
884,descend,"2,133",descendant (n) 1774 descend (v) 1455 descending (j) 359,
885,proponent,"2,132",proponent (n) 2132,
886,hemisphere,"2,127",hemisphere (n) 2127 hemispheric (j) Edu 275 hemispherical (j) Sci 40,
887,elicit,"2,124",elicit (v) 2124 elicitation (n) Edu+Soc 73,
888,endow,"2,108",endowment (n) 1236 endow (v) 872 endowed (j) Edu+Rel 29,
889,trajectory,"2,105",trajectory (n) 2105,
890,persuasion,"2,100",persuasive (j) 935 persuasion (n) 876 persuasively (r) 211 persuasiveness (n) 78,
891,heighten,"2,100",heightened (j) 1104 heighten (v) 996 heightening (j) Hum 21,
892,fertile,"2,073",fertility (n) 2073 fertilizer (n) Sci 1486 fertile (j) 1121 fertilization (n) Sci 442 infertility (n) Med 373 fertilize (v) Sci 290 infertile (j) 192 fertilized (j) Sci 136 fertilizing(n) Hum 2,
893,underscore,"2,068",underscore (v) 2068 underscore (n) Hum 36,
894,paragraph,"2,057",paragraph (n) 2057 para (n) Hum 1127,
895,beta,"2,043",beta (n) 2043,
896,overview,"2,042",overview (n) 2042,
897,privatize,"2,040",privatization (n) 2040 privatize (v) 483 privatized (j) 233,
898,disseminate,"2,037",disseminate (v) 1127 dissemination (n) 910 disseminated (j) Med 48,
899,coherent,"2,030",coherent (j) 1919 incoherent (j) 252 coherently (r) 111 cohere (v) Hum 89 incoherently (r) Law 25,
900,disrupt,"2,021",disrupt (v) 1961 disruption (n) 1875 disruptive (j) Edu+Med 1427 disrupted (j) 146,
901,mobilize,"2,011",mobilize (v) 2011 mobilization (n) His 1335 mobilizing (j) His 36 mobilized (j) His 18,
902,disposition,"2,010",disposition (n) 2010,
903,complicate,"2,004",complicated (j) 3389 complication (n) Med 2673 complicate (v) 1820 uncomplicated (j) Med 209 complicating (j) 184,
904,viewpoint,"2,002",viewpoint (n) 2002,
905,arbitrary,"1,990",arbitrary (j) 1642 arbitrarily (r) 348 arbitrariness (n) Hum 167,
906,harm,"1,989",harm (n) 2991 harmful (j) 1989 harm (v) 1898 harmless (j) 570 unharmed (j) 81 harmlessly (r) 46 harmfulness (n) Soc+Med 21,
907,applicant,"1,986",applicant (n) 1986,
908,disadvantage,"1,986",disadvantage (n) 1925 disadvantaged (j) Edu 1086 disadvantageous (j) 61 disadvantage (v) 29,
909,pervasive,"1,962",pervasive (j) 1774 pervasiveness (n) 188 pervasively (r) Law 85,
910,plausible,"1,950",plausible (j) 1709 plausibility (n) Law 276 implausible (j) 241 plausibly (r) Law 218 implausibly (r) 25 implausibility (n) Hum 23,
911,interfere,"1,947",interfere (v) 2486 interference (n) 1947 interfering (j) Med 33,
912,converse,"1,945",conversely (r) 1802 converse (v) 374 converse (n) 143 converse (j) 48,
913,satisfactory,"1,937",satisfactory (j) 1258 unsatisfactory (j) 382 satisfactorily (r) 297,
914,destruction,"1,931",destruction (n) 4385 destructive (j) 1931 destructiveness (n) Rel 104 indestructible (j) 70 destructively (r) 35 destruct (n) His 4,
915,recreation,"1,928",recreational (j) 1928 recreation (n) 1302,
916,overlap,"1,914",overlap (n) 1103 overlap (v) 940 overlapping (j) 811,
917,intermediate,"1,914",intermediate (j) 1914 intermediate (n) Sci 58 intermediate (v) Med 55,
918,simple,"1,908",simply (r) 23339 simple (j) 17540 simplify (v) 1050 simplified (j) 481 simplification (n) 277 simplifying (j) 100 simple (n) Hum+Rel 20,
919,empathy,"1,906",empathy (n) 1617 empathetic (j) 289 empathize (v) 197,
920,prevalent,"1,905",prevalence (n) Med 3252 prevalent (j) 1905,
921,age,"1,904",age (n) 40706 age (v) Med 2726 aging (n) 1904 aging (j) 1514 aged (j) 789 underage (j) 84 ageing (j) Med 50 ageless (j) Med 48 ageism (n) Soc 40,
922,activate,"1,902",activate (v) 1756 activation (n) Med 875 activated (j) Med 271 inactivation (n) Med 170 reactivate (v) 146 reactivation (n) Med 102 activator (n) Sci+Med 58activating (j) Edu 24,
923,disparity,"1,887",disparity (n) 1887,
924,prevail,"1,884",prevail (v) 2291 prevailing (j) 1884,
925,multiply,"1,877",multiply (v) 1621 multiplication (n) Edu 467 multiplier (n) 256 multiply (r) 47 multiplying (j) Hum 13,
926,generator,"1,869",generator (n) 1869,
927,genre,"1,858",genre (n) Hum 3398 generic (j) 1858 generically (r) Hum 117,
928,definitive,"1,853",definitive (j) 1477 definitively (r) 376,
929,coincide,"1,851",coincide (v) 1797 coincidence (n) 1078 coincidentally (r) 239 coincidental (j) Hum 178 coincident (j) 54,
930,leisure,"1,841",leisure (n) 1841 leisurely (j) 173 leisurely (r) 50 leisured (j) 22,
931,maternal,"1,830",maternal (j) 1830 maternally (r) Sci 25,
932,intend,"1,807",intend (v) 8715 intended (j) 1051 unintended (j) 756,
933,primitive,"1,804",primitive (j) 1804 primitive (n) Hum 478 primitivism (n) Hum 156 primitively (r) Sci 16,
934,transcend,"1,802",transcend (v) 1802 transcendent (j) Rel 832 transcendence (n) Rel 714 transcendental (j) Hum+Rel 379 transcending (j) 11 transcendentally (r) Hum+Rel 7,
935,educate,"1,794",education (n) Edu 80470 educational (j) Edu 20153 educator (n) Edu+Hum 13000 educate (v) 4548 educated (j) 1794 educationally (r) Edu+Hum 294 uneducated (j) 280educative (j) Edu 87 educationist (n) Edu+Hum 20 educating (n) Edu 11 educating (j) 10,
936,dependency,"1,791",dependency (n) 1791,
937,bureaucrat,"1,785",bureaucratic (j) 1744 bureaucrat (n) Law 971 bureaucratization (n) 62 bureaucratically (r) 41 bureaucratized (j) 19,
938,perpetuate,"1,783",perpetuate (v) 1493 perpetuation (n) 290,
939,robust,"1,770",robust (j) 1717 robustness (n) 225 robustly (r) 53,
940,gradual,"1,769",gradually (r) 4375 gradual (j) 1769 gradualism (n) 56,
941,exemplify,"1,760",exemplify (v) 1760 exemplification (n) Hum 34,
942,appropriated,"1,758",appropriation (n) 1758 appropriated (j) Hum 39,
943,locus,"1,749",locus (n) 1749,
944,exacerbate,"1,746",exacerbate (v) 1746 exacerbation (n) Med 156,
945,proximity,"1,745",proximity (n) 1745,
946,refuse,"1,729",refuse (v) 7441 refusal (n) 1729 refuse (n) 236 refused (j) 10,
947,tangible,"1,727",tangible (j) 1342 intangible (j) 385 intangibles (n) 82 tangibly (r) Hum 40,
948,stand,"1,726",stand (v) 17730 stand (n) 2951 standing (n) 2844 long-standing (j) 1726 standing (j) Med 71,
949,offspring,"1,726",offspring (n) 1726,
950,apparatus,"1,722",apparatus (n) 1722,
951,thorough,"1,719",thoroughly (r) 2061 thorough (j) 1719 thoroughness (n) 99,
952,pragmatic,"1,710",pragmatic (j) 1581 pragmatically (r) 129 pragmatics (n) Edu+Hum 89,
953,regular,"1,709",regular (j) 9140 regularly (r) 4485 irregular (j) 969 regularity (n) 603 irregularity (n) 412 regular (n) 191 irregularly (r) 137 regularize (v) 93 irregular (n) His 91regularization (n) Hum 48 regularized (j) Hum 36,
954,enlarge,"1,709",enlarge (v) 1129 enlargement (n) 580 enlarged (j) Med 400 enlarger (n) Sci 55 enlarging (j) Med 36,
955,converge,"1,707",convergence (n) 1171 converge (v) 891 convergent (j) 415 converging (j) 121,
956,workforce,"1,707",workforce (n) 1707,
957,livestock,"1,705",livestock (n) 1705,
958,continuum,"1,687",continuum (n) 1687,
959,reform,"1,683",reform (n) 16507 reform (v) 1684 reformer (n) 1434 reformation (n) Rel 652 reformed (j) Rel 562 reformist (j) His 333 reforming (j) 249 reformist (n) His+Law 107unreformed (j) Law 37 reformism (n) His 33 reformatory (j) His 13,
960,cumulative,"1,680",cumulative (j) 1584 cumulatively (r) 96,
961,heterogenous,"1,677",heterogeneous (j) 930 heterogeneity (n) 689 heterogenous (j) 58,
962,increment,"1,673",incremental (j) 987 increment (n) 517 incrementally (r) 169 incrementalism (n) Law 30,
963,focal,"1,666",focal (j) 1666,
964,paradox,"1,666",paradox (n) 1666 paradoxically (r) Hum 947 paradoxical (j) Hum 771,
965,qualify,"1,659",qualify (v) 3312 qualified (j) Edu 1826 qualification (n) 1659 unqualified (j) 334 qualifying (j) 214 qualifier (n) 125 qualifying (n) Edu 38,
966,inherit,"1,649",inherit (v) 1804 inheritance (n) 1172 inherited (j) 477 inheritor (n) 86,
967,prestige,"1,647",prestige (n) 1647 prestigious (j) 991,
968,petroleum,"1,643",petroleum (n) 1643,
969,preclude,"1,633",preclude (v) 1633,
970,trauma,"1,631",trauma (n) Hum 3430 traumatic (j) 1631,
971,constituency,"1,631",constituency (n) 1631,
972,network,"1,624",network (n) 18082 networking (n) 920 network (v) 395 networked (j) 309 networker (n) Fin 19,
973,inferior,"1,623",inferior (j) 1623 inferiority (n) 475 inferior (n) 85,
974,hinder,"1,621",hinder (v) 1377 hindrance (n) 244 unhindered (j) 83 hindered (j) Edu 17,
975,familiar,"1,614",familiar (j) 7506 unfamiliar (j) 1384 familiarity (n) 1209 familiarize (v) 306 unfamiliarity (n) 99 familiarization (n) 66 familiar (n) Hum 38 familiarly (r) Hum 33,
976,erode,"1,610",erode (v) 1326 eroding (j) 284 eroded (j) Sci 179,
977,facet,"1,607",facet (n) 1149 multifaceted (j) 458 faceted (j) 21,
978,salient,"1,606",salient (j) 1606 salience (n) Soc 466,
979,work,"1,605",work (v) 76381 work (n) 70763 worker (n) 28545 works (n) Hum 9796 working (j) 4517 co-worker (n) 1571 working (n) 1149 workable (j) 456 rework (v) 358 unworkable (j) 124 reworking (n) Hum 108 worked (j) Edu 90 reworked (j) 16 unworked (j) Hum 12,
980,open,"1,604",open (v) 16277 open (j) 14594 opening (n) 4451 openly (r) 2033 openness (n) 1604 reopen (v) 512 open (r) 414 opener (n) 132 reopening (n) 67 unopened (j) 41 opened (j)Hum 32 opening (j) Hum 27 reopened (j) Hum 7,
981,greece,"1,602",Greek (j) 2959 Greek (n) 1602 Grecian (j) 17,
982,discern,"1,602",discern (v) 1527 discernment (n) Rel 368 discerning (j) Rel 238 discernable (j) 75,
983,accord,"1,602",accordance (i) 1822 accord (v) 1532 accord (n) His 1419 accordance (n) 70,
984,disproportion,"1,600",disproportionate (j) 826 disproportionately (r) 612 disproportionately (r) 162 disproportion (n) Law 57,
985,compound,"1,598",compound (n) 3825 compound (v) 1598 compounded (j) 27 compounding (n) Fin 22 compounding (j) Med 17,
986,inclusive,"1,597",inclusive (j) 1597 inclusive (r) Med 16,
987,numeric,"1,596",numerical (j) 1314 numerically (r) 282 numeric (j) 251,
988,reconcile,"1,596",reconciliation (n) Law 2203 reconcile (v) 1596 reconciled (j) Rel 35 reconcilable (j) Rel 25,
989,straightforward,"1,594",straightforward (j) 1594 straightforwardly (r) Hum 93 straightforwardness (n) Hum 17,
990,posit,"1,593",posit (v) 1593 posited (j) Hum+Rel 37,
991,privilege,"1,592",privilege (n) 3223 privileged (j) 1592 privilege (v) 226 privileging (n) Hum 111,
992,allow,"1,581",allow (v) 43431 allowance (n) 1195 allowable (j) 325 allowed (j) 61,
993,susceptible,"1,578",susceptible (j) 1578 susceptibility (n) Med 757,
994,commerce,"1,574",commercial (j) 10949 commerce (n) Law 4059 commercially (r) 1084 commercial (n) 564 commercialization (n) 424 commercialize (v) 303 commercialism (n) 95commercialized (j) 66,
995,remainder,"1,572",remainder (n) 1572,
996,concurrent,"1,571",concurrent (j) 1063 concurrently (r) 508,
997,mitigate,"1,563",mitigate (v) 1336 mitigation (n) Law 1304 mitigating (j) 227 unmitigated (j) 81,
998,decisive,"1,562",decisive (j) 1562 decisively (r) 444 indecisive (j) His 75 decisiveness (n) 66 indecisiveness (n) 32 indecisively (r) Hum 5,
999,utilize,"1,561",utilize (v) Edu 5332 utilization (n) 1561 utilized (j) 31,
1000,southeast,"1,539",southeast (n) 3009 southwest (n) 2398 southeastern (j) 1539 southwestern (j) 1053 southward (r) 237 southward (j) 13 southwesterly (j) 13,
1001,contend,"1,538",contend (v) 3598 contention (n) 1538 contender (n) 429 contending (j) 228,
1002,acknowledge,"1,536",acknowledge (v) 8950 acknowledgment (n) 1381 acknowledgement (n) Med 620 acknowledged (j) 346 unacknowledged (j) 155,
1003,whereby,"1,535",whereby (r) 1535,
1004,thereafter,"1,529",thereafter (r) 1529,
1005,hybrid,"1,529",hybrid (j) 1529 hybrid (n) Sci 975 hybridization (n) Sci 337 hybridize (v) Sci 93 hybridized (j) Hum 25,
1006,eliminate,"1,529",eliminate (v) 8613 elimination (n) 1529 eliminated (j) 25 eliminator (n) Sci 14,
1007,span,"1,521",span (n) 1556 span (v) 1521,
1008,discrete,"1,516",discrete (j) 1516,
1009,endure,"1,502",endure (v) 2178 enduring (j) 1502 endurance (n) Med 1167 unendurable (j) 16 endurable (j) His 10,
1010,displace,"1,501",displacement (n) Med 1545 displace (v) 1501 displaced (j) 680,
1011,intuitive,"1,501",intuitive (j) 1090 intuitively (r) 411,
1012,probe,"1,500",probe (n) Edu 2447 probe (v) 1500 probing (j) 404 probing (n) 14,
1013,outreach,"1,499",outreach (n) 1194 outreach (v) 305,
1014,time,"1,487",time (n) 184374 timing (n) 3093 full-time (j) Edu 2382 part-time (j) Edu 1686 timely (j) 1338 time (v) 1312 timeless (j) Hum 467 timer (n) 324 untimely (j) 151 timeliness(n) 149 timed (j) Edu 115 timelessness (n) Hum 72 untimed (j) Edu 28,
1015,resonance,"1,462",resonance (n) 1462,
1016,hypothetical,"1,452",hypothetical (j) 1452 hypothetically (r) 83 hypothetical (n) Law 8,
1017,appendix,"1,451",appendix (n) 1451,
1018,multimedia,"1,451",multimedia (n) 1451,
1019,quantify,"1,446",quantify (v) 1230 quantifiable (j) 216 quantification (n) Med 192 quantified (j) 39 unquantifiable (j) Law 29,
1020,enrich,"1,443",enrich (v) 1443 enrichment (n) Edu 1004 enriched (j) Edu 321 enriching (j) 145,
1021,confer,"1,433",conference (n) 13750 confer (v) 1433 conferencing (n) Edu 241,
1022,train,"1,430",training (n) Edu 25896 train (v) 7924 train (n) 2772 trainer (n) Med 1840 trained (j) 1124 trainee (n) Edu 844 untrained (j) 306,
1023,homogeneous,"1,425",homogeneous (j) 1148 homogenous (j) 277 homogeneously (r) Edu 40,
1024,alleviate,"1,414",alleviate (v) 1414 alleviation (n) Law 215,
1025,infinite,"1,398",infinite (j) 1398 infinitely (r) 447,
1026,adjacent,"1,390",adjacent (j) 1390 adjacent (i) 725,
1027,anticipate,"1,384",anticipate (v) 3665 anticipated (j) 983 anticipation (n) 922 unanticipated (j) 401 anticipatory (j) Soc 175,
1028,denote,"1,377",denote (v) 1377 denotation (n) Hum 39,
1029,friction,"1,376",friction (n) 1376 frictional (j) Sci 105,
1030,culminate,"1,367",culminate (v) 1367 culmination (n) 421,
1031,decentralize,"1,367",decentralized (j) 689 decentralization (n) 519 decentralize (v) 159,
1032,default,"1,366",default (n) 1366 default (v) 209 defaulter (n) Fin 11 defaulted (j) Fin 9,
1033,equilibrium,"1,366",equilibrium (n) 1366,
1034,mandate,"1,366",mandate (n) 3600 mandate (v) 1366 mandated (j) Edu 377,
1035,advent,"1,363",advent (n) 1363,
1036,authoritative,"1,361",authoritative (j) 1274 authoritatively (r) 87,
1037,delineate,"1,354",delineate (v) 1128 delineation (n) 226 delineated (j) 32,
1038,perfect,"1,353",perfect (j) 5708 perfectly (r) 2702 perfection (n) Rel 1037 perfectionism (n) Rel 917 imperfect (j) 762 perfect (v) 706 imperfection (n) 454 perfectionist (n) Rel 244imperfectly (r) 137 perfected (j) Hum 38 perfecting (n) Rel 16 imperfect (n) Hum 16,
1039,terminology,"1,350",terminology (n) 1350 terminological (j) 73,
1040,nominal,"1,349",nominal (j) 1046 nominally (r) 303,
1041,balance,"1,344",balance (n) 9093 balance (v) 3680 balanced (j) 1735 imbalance (n) 1344 balancing (n) Law 535 unbalanced (j) 181 imbalanced (j) Soc 43 unbalance (v) 37,
1042,deprive,"1,338",deprive (v) 1459 deprivation (n) 1095 deprived (j) 243,
1043,detriment,"1,333",detrimental (j) 932 detriment (n) 401,
1044,comprehend,"1,328",comprehension (n) Edu 1873 comprehend (v) 1328 incomprehension (n) Hum 61 uncomprehending (j) Rel 50 uncomprehendingly (r) 6,
1045,impede,"1,327",impede (v) 1189 unimpeded (j) 138,
1046,evidence,"1,327",evidence (n) 28325 evidence (v) 1327 evidential (j) Rel 41,
1047,deep,"1,319",deep (j) 10780 depth (n) 5806 deeply (r) 4859 deep (r) 3949 in-depth (j) 1319 deepen (v) 1174 deepest (j) Rel 945 deepening (j) His 365 deep (n) 47 deepened (j) Rel 26,
1048,eventual,"1,310",eventually (r) 11181 eventual (j) 1310 eventuality (n) 111,
1049,incur,"1,305",incur (v) 1305,
1050,equitable,"1,298",equitable (j) 992 inequitable (j) 159 equitably (r) 147 inequitably (r) Edu 17,
1051,cohesion,"1,291",cohesion (n) 1291,
1052,benchmark,"1,291",benchmark (n) 1291,
1053,holistic,"1,289",holistic (j) 1240 holistically (r) Edu 82 holism (n) 49,
1054,sound,"1,289",sound (n) Hum 11842 sound (v) 5416 sound (j) 1289 sounding (n) Rel 162 sound (r) 57 soundless (j) Hum 14 soundlessly (r) Law+Hum 5 sounded (j) His 5,
1055,reciprocal,"1,288",reciprocal (j) 1188 reciprocally (r) 100,
1056,fuse,"1,284",fusion (n) 1284 fuse (v) 626 fuse (n) 294 fused (j) Sci 74 fusing (n) 17,
1057,ethic,"1,283",ethic (n) 1283,
1058,analogous,"1,283",analogous (j) 1283 analogously (r) Rel 95,
1059,submission,"1,279",submission (n) 1279,
1060,presently,"1,278",presently (r) 1278,
1061,ascertain,"1,278",ascertain (v) 1278 ascertainable (j) Law 29,
1062,equate,"1,272",equate (v) 1272,
1063,myriad,"1,262",myriad (n) 1262,
1064,finite,"1,246",finite (j) 1246,
1065,footnote,"1,243",footnote (n) 1243 footnote (v) 154,
1066,segregate,"1,230",segregation (n) 1230 segregate (v) 446 segregated (j) 406 segregationist (n) His 90,
1067,insist,"1,227",insist (v) 7078 insistence (n) 1227 insistent (j) 308 insistently (r) Hum 131,
1068,eradicate,"1,226",eradicate (v) 825 eradication (n) 401,
1069,conscious,"1,226",consciousness (n) Rel 5823 conscious (j) 3194 unconscious (j) Hum 1501 consciously (r) 1226 unconsciously (r) 484 unconscious (n) Hum 171 unconsciousness (n) 55,
1070,engender,"1,216",engender (v) 1216,
1071,affirm,"1,211",affirm (v) Rel 2948 affirmative (j) Law 1106 affirmation (n) Rel 1040 reaffirm (v) 948 affirmatively (r) 144 affirmative (n) 120 reaffirmation (n) 119 affirming (j)Edu+Soc 7,
1072,contour,"1,208",contour (n) 1208 contoured (j) Med 105 contour (v) Med 30,
1073,conspicuous,"1,203",conspicuous (j) 859 conspicuously (r) 344 inconspicuous (j) 128 inconspicuously (r) 29,
1074,navigate,"1,195",navigate (v) 1234 navigation (n) 1195 navigator (n) 421 navigational (j) 203 circumnavigate (v) 27 circumnavigation (n) Hum 23,
1075,purport,"1,191",purport (v) 617 purported (j) 297 purportedly (r) 277 purport (n) Law 18,
1076,outset,"1,189",outset (n) 1189,
1077,rights,"1,186",rightly (r) 1186 rightful (j) 365 rightfully (r) 170 rightness (n) Rel 105,
1078,shortcoming,"1,184",shortcoming (n) 1184,
1079,custom,"1,180",custom (n) 4272 customary (j) 995 customarily (r) 185,
1080,transparency,"1,179",transparency (n) 1179,
1081,partition,"1,174",partition (n) 853 partition (v) 321 partitioning (n) Sci 203 partitioned (j) 14,
1082,catalyst,"1,169",catalyst (n) 1169,
1083,decay,"1,165",decay (n) 1165 decay (v) Sci 461 decaying (j) 196 decayed (j) 49,
1084,accelerate,"1,164",accelerate (v) 2208 acceleration (n) 1267 accelerated (j) 789 accelerator (n) Sci 563 accelerating (j) 375,
1085,conserve,"1,163",conservation (n) Sci 7008 conserve (v) 1163 conservationist (n) 339 conservator (n) Hum 193 conserved (j) Sci 49,
1086,handbook,"1,160",handbook (n) 1160,
1087,consortium,"1,150",consortium (n) 1150,
1088,resilience,"1,147",resilience (n) 1147 resilient (j) 533,
1089,preoccupy,"1,144",preoccupation (n) 1144 preoccupied (j) 666 preoccupy (v) 107,
1090,multinational,"1,143",multinational (j) 1143 multinational (n) 140,
1091,assimilate,"1,135",assimilation (n) His 1572 assimilate (v) 1135 assimilated (j) His 120,
1092,attend,"1,133",attend (v) Edu 12221 attendance (n) Edu 2957 attendee (n) 642 attendant (n) 605 attendant (j) 491 unattended (j) 169 attender (n) Soc 93 attending (n) Med 24attended (j) Edu+Rel 9,
1093,per,"1,130",per (i) 25972 per (r) 2029 per (j) 1130,
1094,perpetrate,"1,128",perpetrator (n) 1128 perpetrate (v) 438 perpetration (n) 45,
1095,necessitate,"1,126",necessitate (v) 1126,
1096,deteriorate,"1,126",deterioration (n) 1085 deteriorate (v) 915 deteriorating (j) 440 deteriorated (j) 41,
1097,tailor,"1,118",tailor (v) 1118 tailor (n) 205 tailored (j) 182 tailoring (n) 27,
1098,factual,"1,115",factual (j) 1115 factually (r) 91 counterfactual (j) 91,
1099,postulate,"1,112",postulate (v) 872 postulate (n) 181 postulated (j) 59,
1100,bridge,"1,111",bridge (n) 3796 bridge (v) 1078 bridging (j) 70 unbridgeable (j) Hum 62 bridging (n) 33,
1101,socialise,"1,107",socialization (n) Soc 1770 socialize (v) 1025 socialized (j) 102 socializing (j) 82 socializing (n) 43,
1102,regenerate,"1,105",regeneration (n) 602 regenerate (v) 326 regenerative (j) 177 unregenerate (j) Rel 16 regenerate (n) 13 regenerate (j) Med 12 regenerating (j) Sci 10,
1103,precursor,"1,104",precursor (n) 1104,
1104,augment,"1,103",augment (v) 1103 augmentation (n) 133 augmented (j) Med 74,
1105,dominican,"1,101",Dominican (j) 1101 Dominican (n) Rel 202,
1106,ostensible,"1,101",ostensibly (r) 933 ostensible (j) 168,
1107,indispensable,"1,098",indispensable (j) 1054 dispensable (j) 44,
1108,portray,"1,096",portray (v) 3798 portrayal (n) 1096 portrayed (j) Hum 17,
1109,sanction,"1,092",sanction (n) His+Law 3752 sanction (v) 1092 sanctioned (j) 87 sanctioning (n) Law 33 sanctioning (j) 30 unsanctioned (j) 23,
1110,trade,"1,092",trade (n) 21683 trade (v) 3916 trading (n) 3297 trader (n) 1800 trade-off (n) 1092 traded (j) 60,
1111,predispose,"1,091",predispose (v) 624 predisposition (n) 467 predisposing (j) Med 60 predisposed (j) Med 48,
1112,overt,"1,091",overt (j) 1091 overtly (r) Hum 596,
1113,pertinent,"1,089",pertinent (j) 1089 pertinently (r) Hum 17,
1114,prominence,"1,087",prominence (n) 1087,
1115,rich,"1,084",rich (j) 9776 richness (n) 1084 riches (n) 545 richly (r) 372,
1116,face,"1,082",face (v) 18722 face (n) 14136 face-to-face (j) 1082 facing (j) 135 faceless (j) Hum 110 facing (n) 35 faced (j) His 12,
1117,contest,"1,082",contest (n) 2504 contest (v) 955 contested (j) 551 contestant (n) Soc 431 uncontested (j) 127 contesting (j) 63 contestable (j) Law 39 incontestable (j) 28,
1118,incline,"1,078",inclined (j) 1579 inclination (n) 1078 incline (n) Med 386 incline (v) 50,
1119,noteworthy,"1,077",noteworthy (j) 1077,
1120,impetus,"1,076",impetus (n) 1076,
1121,computer,"1,075",computerized (j) 1000 computationally (r) Sci 83 computerization (n) 75 computerize (v) Fin 35,
1122,order,"1,071",order (n) 24247 order (v) 6085 orderly (j) 747 ordering (n) 626 ordered (j) 264 reorder (v) 181 reordering (n) 67 orderliness (n) 53 reorder (n) Sci 39 orderly (n) 38unordered (j) Hum 25,
1123,disparate,"1,070",disparate (j) 1070,
1124,safeguard,"1,068",safeguard (v) 1068 safeguard (n) 604 safeguarding (n) His+Law 13,
1125,set,"1,066",set (v) 31813 set (n) 20460 setting (n) Edu 15608 subset (n) 1066 set (j) 122 setting (j) 28,
1126,stipulate,"1,066",stipulate (v) 708 stipulation (n) 301 stipulated (j) 57,
1127,congruent,"1,062",congruent (j) 590 congruence (n) 472,
1128,tenet,"1,057",tenet (n) 1057,
1129,attest,"1,056",attest (v) 1056 attestation (n) 79,
1130,periphery,"1,049",peripheral (j) Med 1570 periphery (n) 1049 peripheral (n) Sci 239 peripherally (r) Med 59,
1131,day,"1,044",day (n) 69430 daily (j) 9884 daily (r) Med 2594 day-to-day (j) 1114 present-day (j) 1044 daylight (n) Sci 664 midday (n) 310 daily (n) 164,
1132,novelty,"1,041",novelty (n) 1041,
1133,coherence,"1,039",coherence (n) 1039 incoherence (n) 133,
1134,template,"1,032",template (n) 1032,
1135,encode,"1,027",encode (v) 1027 encoder (n) Sci 261 encoded (j) 88 encoding (n) Edu 79 encoding (j) Rel 57,
1136,inverse,"1,027",inverse (j) 529 inversely (r) 371 inverse (n) 127,
1137,capitalist,"1,023",capitalist (j) His 1788 capitalist (n) 910 capitalistic (j) 113,
1138,affiliate,"1,017",affiliation (n) 5227 affiliate (n) Med 826 affiliate (v) 723 affiliated (j) 294 unaffiliated (j) Rel 62,
1139,real,"1,016",real (j) 27091 reality (n) 17500 realistic (j) 3003 realism (n) Hum 1745 realist (n) Hum 1078 unrealistic (j) 920 realistically (r) 465 unreal (j) 213 realist (j) Hum 129unrealistically (r) 96 unreality (n) Hum 65 real (r) 49,
1140,ascribe,"1,012",ascribe (v) 961 ascription (n) 95 ascribed (j) 51,
1141,affinity,"1,008",affinity (n) 1008,
1142,prescribe,"1,007",prescribe (v) Med 2086 prescribed (j) 1007 prescribing (n) Med 73,
1143,concur,"1,006",concur (v) 1006 concurrence (n) Law 211 concurring (j) Law 74,
1144,locality,"1,006",locality (n) 1006,
1145,induct,"1,006",induction (n) 1006 induct (v) 82,
1146,erupt,"1,006",erupt (v) 1047 eruption (n) 1006 eruptive (j) 27 erupting (j) Sci 12,
1147,family,"1,006",family (n) 67188 familial (j) 1006 subfamily (n) Sci 38,
1148,receptive,"1,005",receptive (j) 771 receptivity (n) 199 receptiveness (n) 44 unreceptive (j) 35,
1149,underpin,"1,003",underpin (v) 526 underpinning (n) 477,
1150,latent,997,latent (j) 997 latency (n) 482,
1151,asymmetry,997,asymmetry (n) 674 asymmetrical (j) 323 asymmetric (j) 228 asymmetrically (r) 31,
1152,secure,994,security (n) 24986 secure (v) 5389 secure (j) 2033 insecurity (n) 994 insecure (j) 417 securely (r) 297 unsecured (j) Law 125 secured (j) Law 92 securing (n) 21,
1153,normal,990,normal (j) Med 11519 normally (r) 4052 normalize (v) 562 normalization (n) His 477 normality (n) 279 normalized (j) 149 normal (n) Med 63,
1154,vitality,990,vitality (n) 990,
1155,site,987,site (n) 34284 on-site (j) 987 site (v) 227 siting (n) 155,
1156,terminate,985,terminate (v) 1122 termination (n) 985 terminator (n) Sci 128 terminating (j) 55 terminated (j) 33,
1157,emanate,980,emanate (v) 980 emanation (n) Rel 86,
1158,breadth,978,breadth (n) 978,
1159,propensity,976,propensity (n) 976,
1160,dichotomy,974,dichotomy (n) 974,
1161,literacy,974,literacy (n) Edu 3964 literate (j) 672 illiterate (j) 413 illiteracy (n) 302 literate (n) 56 illiterate (n) His 54,
1162,precipitate,971,precipitation (n) Sci 972 precipitate (v) 916 precipitate (n) 55 precipitating (j) 48 precipitately (r) His+Law 9,
1163,multitude,971,multitude (n) 971 multitudinous (j) Hum 28,
1164,construe,965,construe (v) 965 misconstrue (v) 111 misconstrued (j) Rel 7,
1165,stringent,961,stringent (j) 961 stringency (n) Law 65 stringently (r) Law 61,
1166,epistemology,957,epistemological (j) 957 epistemology (n) Rel 689 epistemic (j) Hum 274 epistemically (r) Hum 23 episteme (n) Hum 21 epistemologist (n) Hum+Rel 16,
1167,equivocal,954,unequivocally (r) 359 unequivocal (j) 313 equivocal (j) 282,
1168,notice,953,notice (v) 5793 notice (n) Law 2223 noticeable (j) 953 unnoticed (j) 499 noticeably (r) 481 unnoticeable (j) 14 noticing (n) Edu+Rel 4,
1169,reiterate,951,reiterate (v) 951 reiteration (n) Hum 106 reiterated (j) Hum 17,
1170,inconsistency,945,inconsistency (n) 945,
1171,drawback,943,drawback (n) 943,
1172,imagine,942,imagine (v) 8275 imagination (n) Hum 4455 imaginary (j) Hum 1087 imaginative (j) Hum 1083 imagined (j) 892 imaginable (j) 314 unimaginable (j) 267 imaginatively(r) Hum 182 imagining (n) 123 unimaginative (j) 59 unimaginably (r) 57 unimagined (j) 50,
1173,choose,942,choose (v) 23035 chosen (j) 942 choosing (n) 343 choosy (j) 39 unchosen (j) Law+Rel 20,
1174,synonym,938,synonymous (j) 624 synonym (n) 314,
1175,neural,936,neural (j) 936,
1176,entrench,933,entrench (v) 475 entrenched (j) 458 entrenchment (n) His 90,
1177,multidimensional,930,multidimensional (j) 930,
1178,power,923,power (n) 66059 powerful (j) 13096 power (v) Sci 1280 powerless (j) 694 powerfully (r) 616 powerlessness (n) 307 powered (j) Sci 297,
1179,refrain,913,refrain (v) 913 refrain (n) Hum 326,
1180,primacy,912,primacy (n) 912,
1181,conducive,911,conducive (j) 911,
1182,coexist,908,coexist (v) 908 coexistence (n) 538 coexisting (j) Med 38 coexistent (j) Med 19,
1183,suffice,908,suffice (v) 908,
1184,theorise,906,theorize (v) 906 theorizing (n) 353 theorized (j) 17,
1185,target,903,target (n) 12089 target (v) 4579 targeted (j) 790 targeting (n) 113,
1186,commonplace,902,commonplace (j) 902 commonplace (n) Hum 100,
1187,amplify,901,amplify (v) 901 amplifier (n) Sci 476 amplification (n) Med 402 amplified (j) Med 100,
1188,outweigh,900,outweigh (v) 900,
1189,intellect,891,intellect (n) 891,
1190,innate,889,innate (j) 790 innately (r) 99,
1191,speculate,884,speculate (v) 1970 speculation (n) 1638 speculative (j) 884 speculator (n) 263 speculatively (r) 29,
1192,infuse,881,infuse (v) 881 infusion (n) Med 739,
1193,abandon,876,abandon (v) 5180 abandonment (n) 876 abandoned (j) 599 abandon (n) 104,
1194,legitimise,875,legitimize (v) 842 legitimization (n) 93 legitimizing (j) 33 legitimized (j) 18,
1195,geometry,873,geometry (n) Sci 1307 geometric (j) 808 geometrical (j) Hum 163 geometrically (r) 65,
1196,purchase,872,purchase (v) 5475 purchase (n) 3311 purchasing (n) 757 purchaser (n) Law 386 purchased (j) 115 repurchase (n) Fin 44 purchasing (j) Hum+Rel 6,
1197,intrusion,868,intrusion (n) 868,
1198,interplay,865,interplay (n) 865,
1199,livelihood,864,livelihood (n) 864,
1200,ethos,861,ethos (n) 861,
1201,espouse,858,espouse (v) 858 espousal (n) Law 44,
1202,fluctuate,856,fluctuation (n) Sci 1598 fluctuate (v) 562 fluctuating (j) 294,
1203,proxy,856,proxy (n) 856,
1204,position,854,position (n) 33008 position (v) 2640 positioning (n) 805 positional (j) Med 237 reposition (v) 235 repositioning (n) 49 positioned (j) Med 11,
1205,sociopolitical,852,sociopolitical (j) 852,
1206,interdependent,852,interdependent (j) 684 interdependency (n) 168,
1207,weight,849,weight (n) Med 15935 weight (v) 581 weighted (j) Med 571 weighting (n) 268 unweighted (j) Edu 122 weightlessness (n) Sci 61 weightless (j) Sci 58,
1208,redundant,849,redundant (j) 474 redundancy (n) 375 redundantly (r) Hum 13,
1209,concomitant,847,concomitant (j) 713 concomitantly (r) 134 concomitant (n) 28,
1210,transient,846,transient (j) 846 transience (n) Soc 113 transient (n) Sci 71 transiently (r) Med 20,
1211,interrupt,844,interrupt (v) 1291 interruption (n) 844 interrupt (n) 295 uninterrupted (j) 263 interrupted (j) Med 63 uninterruptedly (r) 11,
1212,inception,843,inception (n) 843,
1213,bind,842,bind (v) 5072 binding (j) 842 bound (n) 808 bound (v) 467 binder (n) 269 bind (n) 193 bound (j) 167 binding (n) Hum 166 unbound (j) 36 unbind (v) 34,
1214,admit,841,admit (v) 7156 admittedly (r) 841 admitting (j) 133 admittance (n) 93 readmit (v) Med 53 admitted (j) 46,
1215,pertain,841,pertaining (i) Edu 1065 pertain (v) 841,
1216,archive,840,archive (n) 2008 archival (j) 593 archive (v) 247 archivist (n) His 99 archived (j) 37 archiving (n) Sci 16,
1217,paramount,839,paramount (j) 839,
1218,confound,838,confound (v) 838 confounding (j) Med 190 confounding (n) Med 57 confounded (j) 25,
1219,hamper,833,hamper (v) 833 hamper (n) 89 unhampered (j) Soc 29 hampered (j) 12,
1220,learn,832,learn (v) Edu 45228 learning (n) Edu 24271 learner (n) Edu 4975 learned (j) 832 relearn (v) 86 unlearn (v) Rel 64 unlearned (j) Rel 38 relearning (n) 17,
1221,found,832,found (v) 5161 founder (n) 4128 founding (j) 976 founding (n) 832 unfounded (j) 236 founder (v) 214,
1222,underline,830,underline (v) 830 underlined (j) Edu 41 underlining (n) 10 underline (n) Soc 8,
1223,question,829,question (n) 61773 question (v) 5358 questionable (j) 1278 questioning (n) 806 unquestionably (r) 394 questioning (j) Edu 352 unquestioned (j) 241 questioner (n) 171unquestionable (j) 100 unquestioning (j) 94 unquestioningly (r) 38 questionably (r) His 16 questioned (j) Edu 13 questioningly (r) Rel 2,
1224,pioneer,827,pioneer (n) 1901 pioneering (j) 827 pioneer (v) 793,
1225,word,826,word (n) 42360 wording (n) 571 word (v) 255 wordless (j) Hum 48 wordy (j) Hum 31 wordlessly (r) Rel 16,
1226,anecdote,826,anecdotal (j) 826 anecdote (n) Hum 655,
1227,erroneous,825,erroneous (j) 605 erroneously (r) 220,
1228,emulate,820,emulate (v) 820 emulation (n) Hum 214 emulator (n) Sci 38,
1229,refute,820,refute (v) 669 refutation (n) 151,
1230,workload,803,workload (n) 803,
1231,adequacy,803,inadequacy (n) 803 adequacy (n) Edu 761,
1232,decrease,801,decrease (v) Med 6944 decrease (n) Med 2754 decreased (j) Med 948 decreasing (j) 801,
1233,fabricate,801,fabrication (n) Sci 742 fabricate (v) 718 fabricated (j) 83,
1234,stationary,800,stationary (j) 800,
1235,reciprocity,800,reciprocity (n) 800,
1236,remedy,800,remedy (n) Law+Med 2234 remedial (j) Edu 1102 remedy (v) 800 remediable (j) Law 15,
1237,intervene,796,intervention (n) Edu 19325 intervene (v) 2098 intervening (j) 568 interventionist (j) 228 interventionism (n) His 104 interventionist (n) 91,
1238,merit,794,merit (n) 2413 merit (v) 794 unmerited (j) Rel 31,
1239,lecture,792,lecture (n) Edu 3985 lecturer (n) 792 lecture (v) 683 lecturing (n) Edu 22 lectureship (n) 16 lecturing (j) Edu+Soc 13,
1240,relegate,789,relegate (v) 751 relegation (n) 38,
1241,twofold,786,twofold (r) 316 fourfold (j) 150 threefold (r) 137 fivefold (r) 105 tenfold (r) 104 tenfold (j) 78 hundredfold (r) 47 sixfold (r) Fin 37 thousandfold (n) Sci 34 eightfold (j) 32sevenfold (r) Fin 29 eightfold (r) Fin 24,
1242,subtract,785,subtract (v) 785 subtraction (n) Edu 198,
1243,intrinsic,784,intrinsic (j) Edu 2635 intrinsically (r) 784,
1244,dissolution,782,dissolution (n) 782,
1245,permeate,782,permeate (v) 782 permeation (n) 22,
1246,ancestry,781,ancestry (n) 781,
1247,informative,780,informative (j) 754 uninformative (j) 26 informativeness (n) Med 22,
1248,fruitful,776,fruitful (j) 776 fruitfully (r) Rel 78 fruitfulness (n) Rel 57 unfruitful (j) Med 12,
1249,purify,773,purify (v) 408 purification (n) 365 purified (j) Med 126 purifying (j) Rel 36,
1250,prophecy,768,prophecy (n) 768,
1251,omission,768,omission (n) 768,
1252,locale,766,locale (n) 766,
1253,micro,762,micro (n) 762,
1254,further,760,further (v) 760 furtherance (n) Law 55,
1255,ensue,760,ensuing (j) 760 ensue (v) 694,
1256,impart,758,impart (v) 758,
1257,impediment,757,impediment (n) 757,
1258,anglo,756,Anglo (j) 756 Anglo (n) 64,
1259,wherein,756,wherein (r) 756,
1260,match,755,match (v) 5808 match (n) 2382 matching (j) 769 matching (n) 419 matched (j) Edu+Med 352 mismatch (n) 336 unmatched (j) 161 mismatched (j) 41 mismatch (v) 30rematch (n) Fin 24 matchless (j) Law 17,
1261,endemic,753,endemic (j) 753,
1262,instruct,745,instruction (n) Edu 17609 instructional (j) Edu 6810 instructor (n) Edu 6126 instruct (v) 2666 instructive (j) 745 instructionally (r) Edu 31,
1263,anatomy,745,anatomy (n) Med 994 anatomical (j) 630 anatomically (r) 115 anatomist (n) Hum 94,
1264,incidental,744,incidental (j) 744 incidentally (r) 538 incidentals (n) Med 11,
1265,requisite,744,prerequisite (n) Edu 1055 requisite (j) 548 prerequisite (j) Edu 201 requisite (n) 196,
1266,tolerant,743,intolerance (n) 743 tolerant (j) 714 intolerant (j) 274 tolerantly (r) Rel 5,
1267,penetrate,742,penetrate (v) 1629 penetration (n) 742 penetrating (j) 334 interpenetration (n) Hum 66 penetrative (j) Soc 46,
1268,intimate,741,intimate (j) 2273 intimacy (n) Rel 1910 intimately (r) 741 intimate (v) 422 intimation (n) Hum 113,
1269,concentrate,741,concentration (n) Med 8027 concentrate (v) 5307 concentrated (j) 741 concentrate (n) Med 96,
1270,vignette,739,vignette (n) 739,
1271,stratum,739,stratum (n) 739,
1272,bond,738,bond (n) Fin 6373 bond (v) Fin 875 bonding (n) 738 bonded (j) 83,
1273,biomedical,737,biomedical (j) 737,
1274,paternal,737,paternal (j) 515 paternalism (n) 222 paternally (r) Sci 12,
1275,egalitarian,735,egalitarian (j) 735 egalitarianism (n) 246 egalitarian (n) Rel 129,
1276,chief,734,chief (j) 6134 chief (n) His 5965 chiefly (r) 734,
1277,extrapolate,733,extrapolate (v) 488 extrapolation (n) 245,
1278,extant,732,extant (j) 732,
1279,academia,732,academia (n) 732,
1280,accrue,728,accrue (v) 679 accrual (n) 49 accrued (j) 43,
1281,compulsory,723,compulsory (j) 723,
1282,presuppose,720,presuppose (v) 720 presupposition (n) Rel 352 presupposed (j) Hum 32,
1283,priority,718,priority (n) 7378 prioritize (v) 574 prioritization (n) 112 prioritized (j) 32,
1284,simplistic,718,simplistic (j) 665 simplistically (r) 53,
1285,repetitive,717,repetitive (j) 717 repetitively (r) Med 33 repetitiveness (n) 22,
1286,seminal,715,seminal (j) 715,
1287,predetermine,714,predetermined (j) 535 predetermine (v) 179,
1288,simulate,714,simulation (n) Sci 3481 simulate (v) Sci 1417 simulated (j) 714 simulator (n) Sci 539,
1289,afore,713,aforementioned (j) 713 afore (c) Edu 4,
1290,enumerate,712,enumerate (v) 527 enumeration (n) 185 enumerator (n) His 33,
1291,deplete,709,depletion (n) 837 deplete (v) 709 depleted (j) 201,
1292,tacit,708,tacit (j) 476 tacitly (r) 232,
1293,provisional,707,provisional (j) 707 provisionally (r) Law+Hum 113,
1294,oppress,706,oppression (n) 1927 oppressive (j) 764 oppressed (j) 706 oppress (v) 413 oppressor (n) Rel 253 oppressively (r) 20 oppressiveness (n) 14,
1295,negligible,706,negligible (j) 706 negligibly (r) 18,
1296,ramification,705,ramification (n) 705,
1297,intermediary,705,intermediary (n) 705,
1298,attract,704,attract (v) 6268 attractive (j) 3671 attraction (n) 2382 attractiveness (n) 704 attracting (j) 323 unattractive (j) 260 attractor (n) Sci 115 attractively (r) 48 attracted (j) 33,
1299,propagate,692,propagate (v) 692 propagation (n) Sci 590 propagator (n) Sci 26,
1300,typology,692,typology (n) 692,
1301,transcript,689,transcript (n) 1125 transcription (n) 689 transcriptional (j) Sci 42,
1302,multidisciplinary,686,multidisciplinary (j) 686,
1303,in,685,in (i) 2367953 in (r) 72984 inner (j) 5562 in (c) 2979 inward (j) 415 inward (r) 403 in (j) Med 321 innermost (j) 270 inwardly (r) Rel 116 inwardness (n) Hum 53 inwards (r)36,
1304,diversify,684,diversify (v) Fin 1010 diversification (n) 684 diversified (j) Fin 385,
1305,avoid,681,avoid (v) 16432 avoidance (n) Soc 1678 unavoidable (j) 552 unavoidably (r) 129 avoidable (j) Med 105 avoided (j) 28,
1306,exponential,679,exponentially (r) 348 exponential (n) 331,
1307,parity,675,parity (n) 675,
1308,adverse,673,adverse (j) Med 2396 adversely (r) 673 adversity (n) 418,
1309,expend,671,expend (v) 671 expendable (j) 140 expended (j) Edu 9,
1310,elucidate,671,elucidate (v) 568 elucidation (n) 103,
1311,stagnate,671,stagnation (n) 451 stagnate (v) 220 stagnating (j) 17,
1312,quarter,670,quarter (n) 5123 quarterly (n) 459 quarterly (j) 451 quarterly (r) 211 quarter (v) 71,
1313,forgo,669,foregoing (j) 445 forgo (v) 306 forego (v) 224 foregone (j) 98,
1314,resurgence,660,resurgence (n) 660 resurgent (j) His 158,
1315,lag,658,lag (v) 821 lag (n) 658 lagged (j) Soc 94 lagging (n) Law 37,
1316,disintegrate,658,disintegration (n) 658 disintegrate (v) 414 disintegrating (j) 84 disintegrated (j) 14,
1317,concerted,654,concerted (j) 654,
1318,infant,652,infant (n) 4417 infancy (n) 652,
1319,harmony,652,harmony (n) Hum 2398 harmonious (j) 548 harmoniously (r) 104,
1320,recourse,652,recourse (n) 652,
1321,citizen,651,citizen (n) 13516 citizenship (n) His 3786 citizenry (n) 651,
1322,multiplicity,650,multiplicity (n) 650,
1323,ally,649,ally (n) His 4648 allied (j) His 1275 ally (v) 649,
1324,homogeneity,645,homogeneity (n) 645,
1325,intersect,645,intersection (n) 1042 intersect (v) 645 intersecting (j) 53,
1326,pervade,643,pervade (v) 643 pervading (j) 23,
1327,parochial,642,parochial (j) 642 parochialism (n) His 99,
1328,tenuous,634,tenuous (j) 587 tenuously (r) 47 tenuousness (n) Rel 15,
1329,inseparable,634,inseparable (j) 517 separable (j) 117 inseparably (r) Rel 50,
1330,arid,633,arid (j) 633 aridity (n) 58,
1331,acquiesce,633,acquiesce (v) 324 acquiescence (n) 309 acquiescent (j) Rel 27,
1332,null,632,null (j) 632 nullify (v) 210 nullification (n) His+Law 43 nullity (n) Law 26,
1333,prerogative,632,prerogative (n) 632,
1334,cadre,631,cadre (n) 631,
1335,staff,630,staff (n) 16589 staff (v) 941 staffer (n) Law 734 staffing (n) 630 understaffed (j) 76,
1336,monograph,625,monograph (n) 625,
1337,cortex,625,cortex (n) 625,
1338,last,625,last (m) 36454 last (v) 5274 last (r) 997 lastly (r) 625 last (n) 42 last (j) Hum 6,
1339,overestimate,624,overestimate (v) 547 overestimation (n) 77 overestimate (n) 49,
1340,expulsion,623,expulsion (n) 623,
1341,conclusive,622,conclusive (j) 435 inconclusive (j) 384 conclusively (r) 238 inconclusively (r) 15,
1342,immerse,621,immerse (v) 770 immersion (n) 621,
1343,repository,620,repository (n) 620,
1344,substantiate,619,substantiate (v) 580 unsubstantiated (j) 114 substantiation (n) 39 substantiated (j) Soc 26,
1345,intrusive,619,intrusive (j) 619 intrusiveness (n) 59,
1346,consent,616,consent (n) 4175 consent (v) 616 consenting (j) Rel 73,
1347,primer,615,primer (n) 615,
1348,guise,614,guise (n) 614,
1349,exhaust,612,exhaust (v) 1255 exhaust (n) Sci 788 exhaustion (n) 608 exhaustive (j) 519 exhausted (j) 307 exhausting (j) 137 inexhaustible (j) 130 exhaustively (r) 93 exhaustible (j)Soc+Law 22,
1350,taboo,610,taboo (n) 610 taboo (j) 280,
1351,triad,609,triad (n) 609,
1352,pathological,609,pathological (j) 609 pathologically (r) Med 53,
1353,corroborate,609,corroborate (v) 609 corroboration (n) 79 corroborative (j) Edu 26 corroborating (j) 22,
1354,commonality,609,commonality (n) 609,
1355,deficiency,609,deficiency (n) Med 2135 deficient (j) 609,
1356,rudiment,608,rudimentary (j) 517 rudiment (n) 91,
1357,negate,607,negate (v) 607 negation (n) Hum 466,
1358,conjunction,606,conjunction (i) 1589 conjunction (n) 606,
1359,verbal,604,verbal (j) Edu 4921 nonverbal (j) Edu 946 verbally (r) 604 verbalize (v) Edu 194 verbalization (n) Edu 68 verbalized (j) Hum 17,
1360,precondition,602,precondition (n) 602 preconditioning (n) Med 26 precondition (v) 14,
1361,elective,602,elective (j) 602 elective (n) Edu+Hum 128,
1362,equity,601,equity (n) Fin 3522 inequity (n) 601,
1363,accentuate,600,accentuate (v) 600 accentuation (n) 33 accentuated (j) Hum 16,
1364,retrieve,600,retrieve (v) Edu 2387 retrieval (n) 600 retriever (n) 65 retrieved (j) 23,
1365,prenatal,598,prenatal (j) 598,
1366,predicate,598,predicate (v) 598 predicate (n) Hum 143 predication (n) Hum+Rel 50,
1367,predominate,593,predominate (v) 593,
1368,populace,593,populace (n) 593,
1369,counteract,593,counteract (v) 593,
1370,impersonal,593,impersonal (j) 567 impersonality (n) Hum 42 impersonally (r) 26,
1371,dominion,591,dominion (n) 591,
1372,advantage,591,advantage (n) 13163 advantageous (j) 591 advantage (v) Edu 91 advantaged (j) Edu 71 advantageously (r) 25,
1373,cohesive,589,cohesive (j) 589 cohesiveness (n) Edu 316,
1374,duplicate,585,duplicate (v) 608 duplication (n) 418 duplicate (n) 196 duplicate (j) 167 duplicated (j) Edu 47,
1375,eminent,585,eminent (j) 585 eminently (r) 238,
1376,oppose,584,opposition (n) 9714 oppose (v) 6142 opposed (i) 2826 opposing (j) 1385 oppositional (j) 584 opposed (j) Hum 131 unopposed (j) His+Med 80,
1377,twine,584,intertwine (v) 584 intertwined (j) Hum 173 twine (n) 72 twine (v) Hum 11 twining (j) Sci 3,
1378,direction,582,direction (n) 14826 directional (j) 467 bidirectional (j) 146 unidirectional (j) 115 indirection (n) Hum 52,
1379,threat,579,threat (n) 14421 threaten (v) 8404 threatened (j) 579 threatening (j) 423 threateningly (r) 14,
1380,topography,571,topography (n) 571 topographic (j) 249,
1381,antecedent,570,antecedent (n) 570 antecedent (j) Edu 386,
1382,eschew,564,eschew (v) 564,
1383,inextricable,564,inextricably (r) 456 inextricable (j) 108,
1384,circumvent,563,circumvent (v) 563 circumvention (n) Law 24,
1385,supplant,557,supplant (v) 557,
1386,dislocate,556,dislocation (n) 556 dislocate (v) 114 dislocated (j) Edu 53,
1387,caveat,555,caveat (n) 555,
1388,out,555,out (r) 95747 out (i) 33603 outside (i) 13331 outside (j) 5214 outer (j) 3160 outside (r) 2472 outsider (n) 2259 outward (r) 766 outward (j) 555 out (n) 217 out (j) 213outwardly (r) 195 outside (n) 169 outwards (r) 47 out (v) 16,
1389,precept,552,precept (n) 552,
1390,auspice,551,auspice (n) 551,
1391,peculiar,550,peculiar (j) 1435 peculiarity (n) 305 peculiarly (r) 245,
1392,supervise,550,supervisor (n) Edu 2979 supervision (n) Edu 2633 supervise (v) 1487 supervisory (j) 550 supervising (n) Edu 142 supervised (j) Edu 118 unsupervised (j) 95,
1393,ideological,546,ideological (j) 4822 ideologically (r) 546,
1394,benevolent,544,benevolent (j) 544 benevolence (n) 250 benevolently (r) 22,
1395,calibrate,544,calibration (n) Sci+Med 610 calibrate (v) 544 calibrated (j) Sci+Med 120,
1396,deviate,544,deviation (n) Edu 3449 deviate (v) 544 deviated (j) Med 18,
1397,coalesce,544,coalesce (v) 477 coalescence (n) 67 coalescing (n) Law 7,
1398,budget,542,budget (n) 8580 budgetary (j) 506 budget (v) 372 budgeted (j) 36,
1399,idiosyncratic,542,idiosyncratic (j) 542 idiosyncratically (r) Rel 19,
1400,utilitarian,541,utilitarian (j) 541 utilitarianism (n) Law 80 utilitarian (n) Law 17,
1401,personalise,541,personalized (j) 436 personalize (v) 339 personalization (n) 105,
1402,supersede,540,supersede (v) 474 supercede (v) 66,
1403,antagonism,536,antagonism (n) 536,
1404,recur,533,recurrence (n) Med 1161 recurrent (j) Med 1046 recurring (j) 650 recur (v) 533,
1405,succinct,532,succinctly (r) 358 succinct (j) 174,
1406,thereof,531,thereof (r) 531,
1407,west,528,west (n) 16045 westward (r) 454 midwest (n) 176 westward (j) 74 westerly (j) 49 westerly (n) Sci 12,
1408,conjecture,527,conjecture (n) 360 conjecture (v) 167 conjectural (j) Hum 49,
1409,corollary,527,corollary (n) 527,
1410,ecological,526,ecological (j) Sci 5517 ecologically (r) 526,
1411,prepare,524,prepare (v) 15071 preparation (n) Edu 7563 prepared (j) 891 prep (n) Edu+Med 580 preparatory (j) 524 preparedness (n) Med 504 unprepared (j) 400 prep (v) Med 59prep (j) Fin 26,
1412,conduit,523,conduit (n) 523,
1413,deduce,517,deduce (v) 517,
1414,prompt,517,prompt (v) 3596 promptly (r) 795 prompt (n) Edu 620 prompt (j) 387 prompting (n) 130 unprompted (j) Soc 15,
1415,overarching,516,overarching (j) 516,
1416,circumscribe,513,circumscribe (v) 400 circumscribed (j) 113 circumscription (n) Soc 52,
1417,potency,509,potency (n) 509,
1418,receive,509,receive (v) 35761 receiving (j) 460 received (j) 435 receivable (j) Fin 120 receiving (n) 74,
1419,unitary,509,unitary (j) 509,
1420,presume,506,presumably (r) 2742 presume (v) 1597 presumption (n) Law 825 presumed (j) 506,
1421,intractable,502,intractable (j) 465 intractability (n) 37,
1422,encapsulate,499,encapsulate (v) 417 encapsulation (n) 82 encapsulated (j) Med 62,
1423,demarcate,499,demarcation (n) 255 demarcate (v) 244,
1424,devalue,499,devalue (v) 455 devaluation (n) His 417 devalued (j) 44 devaluing (n) Edu+Hum 24,
1425,imbue,498,imbue (v) 498,
1426,calculus,496,calculus (n) 496,
1427,ameliorate,495,ameliorate (v) 392 amelioration (n) 148 ameliorating (j) 103,
1428,averse,493,aversion (n) 493 aversive (j) Edu+Rel 274 averse (j) 145,
1429,nexus,493,nexus (n) 493,
1430,sponsor,491,sponsor (v) 2996 sponsor (n) 1257 sponsorship (n) 493 sponsored (j) 338 sponsoring (j) 153,
1431,tangle,489,entanglement (n) 364 entangle (v) 302 tangled (j) 263 tangle (n) 238 entangled (j) 125 tangle (v) 115 untangle (v) 108 untangled (j) Hum 7,
1432,nascent,489,nascent (j) 489,
1433,inertia,488,inertia (n) 488,
1434,aberration,487,aberration (n) 487 aberrational (j) Law+Rel 5,
1435,compulsion,483,compulsion (n) 483,
1436,due,483,due (i) 14272 due (j) 4409 undue (j) 483 dues (n) 427 unduly (r) Law 366 duly (r) 300 due (r) 63,
1437,mp,476,MP (n) 476,
1438,repress,475,repression (n) 1642 repressive (j) His 679 repress (v) 475 repressed (j) Hum 454,
1439,envisage,475,envisage (v) 475,
1440,discontinuity,475,discontinuity (n) 475,
1441,override,474,override (v) 579 overriding (j) 474 override (n) Law 71,
1442,dissociate,472,dissociation (n) 254 dissociate (v) 218 dissociated (j) Rel 29,
1443,gratify,470,gratification (n) 470 gratifying (j) 207 gratify (v) 127 gratified (j) 22 gratifyingly (r) 8,
1444,qualitative,470,qualitative (j) Edu 3684 qualitatively (r) 470,
1445,typify,470,typify (v) 470,
1446,therein,469,therein (r) 469,
1447,phenomenology,469,phenomenological (j) 469 phenomenology (n) Hum 242 phenomenologist (n) Hum 40,
1448,paucity,466,paucity (n) 466,
1449,more,466,more (r) 199406 more (d) 108977 mores (n) 466,
1450,rupture,466,rupture (n) 466 rupture (v) 245 ruptured (j) Med 55,
1451,permeable,460,permeable (j) 203 permeability (n) 177 impermeable (j) 80 impermeability (n) Law 14,
1452,consensual,460,consensual (j) 460,
1453,attune,455,attune (v) 455 attuned (j) Med 11,
1454,replete,455,replete (j) 455,
1455,prism,454,prism (n) 454,
1456,plethora,454,plethora (n) 454,
1457,auxiliary,454,auxiliary (j) 454 auxiliary (n) His 161,
1458,send,452,send (v) 19733 sender (n) 294 sending (n) 158,
1459,procure,450,procurement (n) 623 procure (v) 450 procurer (n) 7,
1460,allot,450,allot (v) 450 allotment (n) His 439 allotted (j) 115,
1461,archaic,448,archaic (j) 448,
1462,compile,448,compile (v) 1961 compilation (n) 448 compiler (n) Sci 323 compiled (j) 23,
1463,equivalence,448,equivalence (n) 448,
1464,condense,447,condense (v) 447 condensate (n) Sci 364 condensed (j) Sci 321 condensation (n) Sci 274 condenser (n) Sci 122 condensing (j) Sci 13,
1465,decode,447,decode (v) 447 decoder (n) Sci 249 decoding (j) Edu 212 decoding (n) 199 decoded (j) Sci 22,
1466,monolith,446,monolithic (j) 446 monolith (n) 122,
1467,deleterious,442,deleterious (j) 442,
1468,symmetry,440,symmetry (n) Sci 993 symmetrical (j) 440 symmetric (j) Sci 233 symmetrically (r) Hum 76,
1469,classic,439,classical (j) Hum 4088 classic (j) 3652 classic (n) 1137 neoclassical (j) 439 classicism (n) Hum 167 classically (r) 156 classicist (n) Rel 81 neoclassicism (n) Hum 20,
1470,herein,439,herein (r) 439,
1471,cause,438,cause (v) 24704 cause (n) 14590 causation (n) 438 causative (j) Med 188,
1472,tabulate,438,tabulate (v) 270 tabulation (n) 168 tabulated (j) Med 42,
1473,stratify,438,stratification (n) 438 stratified (j) Edu 381 stratify (v) Med 250,
1474,paraphrase,436,paraphrase (v) 436 paraphrase (n) Hum 97 paraphrased (j) 16,
1475,crystal,436,crystal (n) Sci 2152 crystallize (v) 331 crystallization (n) 105 crystallized (j) Edu 74,
1476,heuristic,435,heuristic (j) 435 heuristically (r) 23,
1477,denigrate,434,denigrate (v) 316 denigration (n) 118,
1478,discernible,434,discernible (j) 434 indiscernible (j) Hum 20 discernibly (r) Hum 15,
1479,hereditary,433,hereditary (j) 433,
1480,habitual,433,habitual (j) 433 habitually (r) 214,
1481,feudal,432,feudal (j) 346 feudalism (n) 86,
1482,predate,432,predate (v) 432,
1483,esoteric,430,esoteric (j) 430,
1484,popular,428,popular (j) 17433 popularity (n) 2409 unpopular (j) Law 600 popularize (v) 381 popularly (r) 353 popularization (n) 75 unpopularity (n) Law 73 popularizer (n) 44popularized (j) Hum 38,
1485,oriented,426,orientation (n) Soc 9364 oriented (j) 426 reorientation (n) His 182 orienteering (n) Rel 110 orienting (j) Rel 48 orientate (v) 45,
1486,dearth,425,dearth (n) 425,
1487,concise,425,concise (j) 347 concisely (r) 78,
1488,anomaly,422,anomaly (n) Med 1075 anomalous (j) 422 anomalously (r) Sci 31,
1489,hitherto,421,hitherto (r) 421,
1490,innumerable,420,innumerable (j) 420,
1491,apex,419,apex (n) 419,
1492,double,417,double (j) 3739 double (v) 3151 double (n) Hum 829 doubling (n) 417 doubly (r) Hum 371 double (r) 316 redouble (v) 122 doubled (j) Hum 75 redoubled (j) His+Hum 10,
1493,harmonise,416,harmonize (v) 416 harmonization (n) Law 242 harmonized (j) Law 35,
1494,minister,416,minister (n) His 8533 ministerial (j) 416 minister (v) Rel 348,
1495,darwinian,415,Darwinian (j) 415 Darwinian (n) 27,
1496,altruistic,413,altruistic (j) 413 altruistically (r) Rel 26,
1497,ascend,413,ascend (v) 442 ascendancy (n) 323 ascending (j) 289 ascendant (n) 100 ascendance (n) 90,
1498,invert,413,inverted (j) 413 invert (v) Hum 262 invert (n) Med 24 inverting (j) Sci 22,
1499,parenthesis,412,parenthesis (n) 412,
1500,opportune,411,opportunistic (j) 368 opportune (j) His 145 opportunism (n) Law 145 opportunist (n) 104 opportunistically (r) 43 inopportune (j) 36 opportunist (j) His+Law 8,
1501,reason,410,reason (n) 34602 reasonable (j) 5454 reasoning (n) Edu 3036 reasonably (r) 2084 reason (v) 1851 unreasonable (j) Law 688 reasoned (j) 410 reasonableness (n) Law214 unreasonably (r) Law 139 reasonable (r) Law 44 unreasonableness (n) Law 17 unreasoning (j) 11,
1502,aggressor,407,aggressor (n) 407,
1503,attenuate,406,attenuate (v) 312 attenuation (n) Med 261 attenuated (j) 94,
1504,vest,405,vested (j) 405 vest (n) Med 370 vest (v) Law 286 vesting (n) Law 39,
1505,rigid,403,rigid (j) 1762 rigidity (n) 403 rigidly (r) 262,
1506,oversimplify,401,oversimplify (v) 213 oversimplification (n) 142 oversimplified (j) 46,
1507,axiom,401,axiom (n) 294 axiomatic (j) 107,
1508,appreciable,401,appreciable (j) 208 appreciably (r) 193,
1509,amenable,399,amenable (j) 399,
1510,instant,397,instant (j) 1230 instantly (r) 989 instant (n) 611 instantaneous (j) 397 instantaneously (r) 181,
1511,fore,396,foremost (j) 1285 fore (n) 396 fore (j) 60 fore (r) 37 foremost (r) 31,
1512,deconstruct,396,deconstruction (n) Hum 443 deconstruct (v) 396 deconstructive (j) Hum 138 deconstructionism (n) Hum 26 deconstructed (j) Rel 20,
1513,legitimate,393,legitimate (j) 4025 legitimacy (n) His 3082 illegitimate (j) 491 legitimately (r) 393 legitimate (v) 300 legitimation (n) 241 illegitimacy (n) Law 178 legitimating (j) 35illegitimately (r) 22,
1514,antagonist,392,antagonistic (j) 392 antagonist (n) Med 362,
1515,hereafter,391,hereafter (r) 391 hereafter (n) 64,
1516,puzzle,391,puzzle (n) 1450 puzzle (v) 484 puzzling (j) 391 puzzled (j) 299 puzzlement (n) 73 puzzler (n) 13,
1517,preponderance,390,preponderance (n) 390 preponderant (j) His 41,
1518,sustenance,390,sustenance (n) 390,
1519,dynamism,390,dynamism (n) 390,
1520,commensurate,390,commensurate (j) 390 incommensurate (j) Hum 23,
1521,disengage,389,disengagement (n) 389 disengage (v) 316 disengaged (j) Hum 24,
1522,definite,388,definitely (r) 1898 definite (j) 1149 indefinitely (r) 624 indefinite (j) 388,
1523,contiguous,386,contiguous (j) 386,
1524,point,385,point (n) 46705 point (v) 17763 pointer (n) 455 midpoint (n) 385 pointed (j) Hum 350 pointless (j) 248 pointedly (r) 232 pointing (j) Sci 101 pointy (j) 44 pointing (n)Hum+Sci 17 pointlessly (r) 8 pointlessness (n) 6,
1525,mistrust,385,mistrust (n) 385 mistrust (v) 137 mistrustful (j) 17,
1526,consult,382,consultant (n) Edu 4792 consultation (n) Edu 3381 consult (v) 2888 consulting (j) 1219 consulting (n) Fin 603 consultative (j) 382 consultancy (n) Fin 134,
1527,fallacy,382,fallacy (n) 382 fallacious (j) 60,
1528,inculcate,380,inculcate (v) 313 inculcation (n) 67,
1529,expedient,379,expediency (n) 195 expedient (j) 184 expedient (n) Law 101 expedience (n) 28 expediently (r) Med 15,
1530,expert,379,expert (n) 12638 expert (j) 379 expertly (r) 85 inexpert (j) 11,
1531,superimpose,376,superimpose (v) 376 superimposed (j) Hum+Med 67 superimposition (n) Hum 38,
1532,succeed,376,succeed (v) 6266 succeeding (j) 376,
1533,prescriptive,375,prescriptive (j) 375,
1534,domesticate,375,domesticated (j) 375 domestication (n) 207 domesticate (v) 109,
1535,italic,374,italics (n) 374 italicized (j) Hum 39 italicize (v) Hum 36 italic (j) 18,
1536,mainstream,374,mainstream (j) 3379 mainstream (n) 374 mainstreamed (j) Edu+Hum 70 mainstreaming (n) Edu+Hum 53 mainstreaming (j) Edu+Hum 24,
1537,encroach,373,encroachment (n) 373 encroach (v) 276 encroaching (j) 32,
1538,flourish,373,flourish (v) 1441 flourishing (j) 373 flourish (n) 325,
1539,affluence,373,affluence (n) 373,
1540,modulate,373,modulate (v) 373 modulation (n) Sci 322 modulator (n) Sci+Med 130 modulated (j) Sci 25,
1541,childbearing,372,childbearing (j) 372,
1542,recast,371,recast (v) 371 recasting (n) Hum 39,
1543,cognitive,370,cognitive (j) Edu 10072 cognitively (r) 370 cognitivist (n) Hum 63,
1544,inflate,366,inflation (n) 3937 inflate (v) 664 inflationary (j) 366 inflated (j) 304 inflatable (j) Sci 160 hyperinflation (n) His 138 inflating (j) Sci 31,
1545,hope,366,hope (v) 11958 hope (n) 8269 hopeful (j) 797 hopefully (r) 752 hopeless (j) 437 hopelessness (n) 366 hopelessly (r) 360 hopeful (n) 39 hopefulness (n) Edu 37,
1546,prohibit,366,prohibit (v) Law 3145 prohibition (n) Law 1711 prohibited (j) Law 303 prohibitive (j) 222 prohibitively (r) 144 prohibitionist (n) Law 35,
1547,permissive,365,permissive (j) 281 permissiveness (n) 84,
1548,graphic,364,graphic (n) Sci 2332 graphic (j) 1328 graphical (j) Sci 518 graphically (r) 364,
1549,revitalise,363,revitalize (v) 518 revitalization (n) 363 revitalized (j) 68 revitalizing (j) Med 15,
1550,perplex,362,perplexing (j) 257 perplex (v) 157 perplexity (n) 105 perplexed (j) Law 84,
1551,oblique,362,oblique (j) 362 obliquely (r) Hum 130 oblique (n) Med 93 obliquity (n) Sci 17,
1552,tenable,362,untenable (j) 256 tenable (j) 106,
1553,cardinal,362,cardinal (n) Rel 1097 cardinal (j) 362,
1554,abbreviate,360,abbreviation (n) 226 abbreviated (j) 191 abbreviate (v) 134,
1555,buffer,359,buffer (n) Sci 1335 buffer (v) 359 buffering (j) 46 buffered (j) Med 34 buffering (n) 21,
1556,dictate,358,dictate (v) 2081 dictatorship (n) His 1128 dictator (n) Law 674 dictate (n) 358 dictation (n) Hum 188 dictatorial (j) 185 dictated (j) Edu 21,
1557,redress,356,redress (v) 356 redress (n) Law 263,
1558,rectify,353,rectify (v) 353 rectification (n) Med 138 rectifier (n) Sci 12,
1559,credence,350,credence (n) 350,
1560,cluster,350,cluster (n) Sci 6232 cluster (v) 852 clustering (n) 350 clustered (j) 73,
1561,draft,350,draft (n) 2946 draft (v) Law 1642 drafting (n) 350 redraft (v) Law 23 drafted (j) 10,
1562,symbiotic,348,symbiotic (j) 348 symbiotically (r) Sci 20,
1563,query,346,query (n) 1018 query (v) 346,
1564,respectability,345,respectability (n) 345,
1565,quadrant,344,quadrant (n) 344,
1566,detract,344,detract (v) 344 detractor (n) 286,
1567,analogue,338,analogue (n) 338 analogue (j) Edu+Med 82,
1568,amorphous,337,amorphous (j) 337,
1569,demonstrable,336,demonstrable (j) 172 demonstrably (r) 164,
1570,synergy,336,synergy (n) 336,
1571,regress,335,regression (n) Soc 5520 regress (v) 335 regressive (j) 190 regress (n) 54,
1572,customise,335,customize (v) 597 customized (j) 335,
1573,itinerant,334,itinerant (j) 334,
1574,counterbalance,333,counterbalance (v) 333 counterbalance (n) 58 counterbalanced (j) Edu+Rel 43 counterbalancing (j) 18,
1575,subdivide,333,subdivision (n) 525 subdivide (v) 333 subdivided (j) Soc 24,
1576,recover,332,recovery (n) 6292 recover (v) 4630 recovered (j) 196 recoverable (j) 136 irrecoverable (j) Hum 16,
1577,ancillary,332,ancillary (j) 332,
1578,explicate,327,explicate (v) 327 explication (n) Hum 221,
1579,discord,326,discord (n) 326 discordant (j) 135,
1580,frame,322,frame (n) 6401 frame (v) 2576 framer (n) Law 322 framing (n) 322 framed (j) Hum 213 framing (j) Hum 123 unframed (j) Hum 6,
1581,fluid,320,fluid (n) Med 3712 fluid (j) 320 fluidity (n) Hum 236,
1582,mosaic,318,mosaic (n) 768 mosaic (j) 318,
1583,meridian,318,meridian (n) 318,
1584,corrode,317,corrosion (n) Sci 571 corrosive (j) 317 corrode (v) 143 corroded (j) 26,
1585,defence,316,defense (n) 14585 defensive (j) 2059 defence (n) His 462 defensible (j) 316 indefensible (j) 96 defensively (r) 91,
1586,objected,316,objection (n) 1927 objectionable (j) 316 objector (n) Rel 101 unobjectionable (j) Law 16,
1587,reciprocate,316,reciprocate (v) 316 reciprocation (n) Hum 36 reciprocated (j) Edu 30 reciprocating (n) Sci 17,
1588,recite,315,recite (v) 702 recitation (n) 315 recital (n) Hum 179 recitative (n) Hum 31,
1589,progeny,315,progeny (n) 315,
1590,singular,315,singular (j) Hum 824 singularity (n) 315 singular (n) Hum 302 singularly (r) 205,
1591,vernacular,314,vernacular (j) Hum 381 vernacular (n) 314,
1592,pernicious,314,pernicious (j) 314,
1593,proscribe,313,proscribe (v) 198 proscription (n) 115 proscribed (j) Law 41,
1594,incipient,313,incipient (j) 313,
1595,disinterested,310,disinterested (j) 310 disinterest (n) 122 disinterestedness (n) Hum+Rel 33 disinterestedly (r) Law 8,
1596,buttress,310,buttress (v) 310 buttress (n) Hum 64,
1597,reclaim,310,reclaim (v) 820 reclamation (n) 310 reclaimed (j) 50 reclaim (n) Sci 13 reclaiming (n) His+Rel 9,
1598,verbatim,310,verbatim (r) 211 verbatim (j) 99,
1599,instigate,308,instigate (v) 308 instigator (n) 79 instigation (n) His 66,
1600,dictum,307,dictum (n) 307,
1601,burdensome,305,burdensome (j) 305,
1602,impel,305,impel (v) 305 impeller (n) Sci 85 impelled (j) 11,
1603,disillusion,304,disillusionment (n) 304 disillusion (v) 198 disillusioned (j) 104 disillusion (n) His 16,
1604,indoctrinate,302,indoctrination (n) 302 indoctrinate (v) 130,
1605,permanence,302,permanence (n) 302 permanency (n) 68 impermanence (n) Rel 59,
1606,impinge,298,impinge (v) 298 impingement (n) Med 48,
1607,concentric,298,concentric (j) 298,
1608,circle,298,circle (n) 8913 circular (j) 1296 circle (v) 868 encircle (v) 346 circular (n) 298 semicircular (j) Med 117 circularity (n) Hum 100 encirclement (n) His 61 semicircle (n) 52circled (j) Med 32 circling (j) 26 circling (n) Hum 18 encircling (j) 16 encircled (j) Hum 6,
1609,bottleneck,297,bottleneck (n) 297,
1610,outgrowth,297,outgrowth (n) 297,
1611,miscellaneous,297,miscellaneous (j) 297,
1612,soundly,297,unsound (j) 154 soundness (n) 143 soundly (r) 111 sounder (n) 29,
1613,panacea,296,panacea (n) 296,
1614,perception,296,perception (n) Edu 16628 misperception (n) 296,
1615,extraneous,296,extraneous (j) 296,
1616,invalid,293,invalid (j) 293 invalid (n) 141,
1617,forebear,292,forebear (n) 292,
1618,centrifuge,292,centrifugal (j) 292 centrifuge (n) Sci 88 centrifuge (v) Med 29 centrifugation (n) Med 23,
1619,cursory,292,cursory (j) 292 cursorily (r) 14,
1620,interweave,290,interweave (v) 290 interweaving (n) 82 interwoven (j) 52,
1621,reconstitute,290,reconstitute (v) 290 reconstitution (n) 97 reconstituted (j) 53,
1622,usurp,289,usurp (v) 289 usurpation (n) 111 usurper (n) Hum 54,
1623,grant,287,grant (v) 7339 grant (n) 4231 granting (n) 287 grantor (n) Law 49,
1624,henceforth,287,henceforth (r) 287,
1625,conquer,286,conquer (v) 993 conqueror (n) 286 conquered (j) 188 conquering (j) 166 unconquerable (j) 18,
1626,annals,285,annal (n) 285,
1627,land,285,land (n) 27717 land (v) 3123 landing (n) Sci 2333 landed (j) 285 landless (j) His 277 landward (r) 36 landward (j) 34,
1628,spurious,284,spurious (j) 284 spuriously (r) 26,
1629,metre,284,meter (n) Sci 4737 metric (j) Sci 1098 metrics (n) 284 metrical (j) Hum 83 meter (v) 62 metered (j) 36 metrically (r) Hum 19,
1630,misrepresent,282,misrepresentation (n) 282 misrepresent (v) 160,
1631,sup,282,sup (v) 282,
1632,malleable,280,malleable (j) 205 malleability (n) 75,
1633,directorate,279,directorate (n) 279,
1634,heretofore,278,heretofore (r) 278,
1635,divine,274,divine (j) Rel 5284 divination (n) Hum 471 divine (v) 274 divinely (r) Rel 253 divine (n) Rel 167 divining (j) Hum 13,
1636,brief,274,brief (j) 6122 briefly (r) 2548 brief (n) Law 529 brief (v) 365 brief (r) 274 briefer (n) Law 5,
1637,res,274,res (n) 274,
1638,retard,274,retardation (n) Edu 587 retarded (j) Edu 395 retard (v) 274 retardant (n) Sci 55 retard (n) Law+Rel 5,
1639,justly,273,unjust (j) Rel 782 justly (r) 273 unjustly (r) 125,
1640,purview,272,purview (n) 272,
1641,truncate,271,truncated (j) 166 truncate (v) 105 truncation (n) 43,
1642,judicious,271,judicious (j) 271 judiciously (r) 93 injudicious (j) 18,
1643,endogenous,271,endogenous (j) 271,
1644,cogent,269,cogent (j) 158 cogently (r) 72 cogency (n) 39,
1645,predilection,269,predilection (n) 269,
1646,microcomputer,268,microcomputer (n) 268,
1647,supposition,268,supposition (n) 268,
1648,adjudicate,268,adjudication (n) Law 297 adjudicate (v) 268 adjudicator (n) Hum 117,
1649,criminal,267,criminal (j) Law 5507 criminal (n) 1944 criminality (n) 267 criminally (r) Law 107,
1650,expound,267,expound (v) 267,
1651,superfluous,267,superfluous (j) 267,
1652,ample,266,ample (j) 1369 amply (r) 266,
1653,apolitical,265,apolitical (j) 265,
1654,irrigate,263,irrigation (n) 1705 irrigated (j) 267 irrigate (v) 263,
1655,occasion,263,occasion (n) 5314 occasionally (r) 3679 occasional (j) 2348 occasion (v) 263,
1656,proximate,263,proximate (j) 263,
1657,exigency,262,exigency (n) 262 exigence (n) Rel 38 exigent (j) 22,
1658,offence,261,offense (n) 1893 offensive (j) 1495 offensive (n) His 362 offence (n) 261 inoffensive (j) 39 offensively (r) 21 offensiveness (n) Rel 14,
1659,harvest,260,harvest (v) Sci 2054 harvest (n) 1970 harvesting (n) 260 harvester (n) 132 harvested (j) Sci 73,
1660,elapse,258,elapse (v) 258 elapsed (j) 86,
1661,liberate,257,liberation (n) 2978 liberate (v) 982 liberating (j) Rel 534 liberated (j) 257 liberator (n) His 163,
1662,opine,257,opine (v) 257,
1663,nomenclature,257,nomenclature (n) 257,
1664,nation,257,national (j) 65615 nation (n) 32284 nationalism (n) His 3648 nationalist (j) His 2051 nationally (r) 1464 nation-state (n) 1393 nationalist (n) His 1376 nationwide (r) 1033nationwide (j) 1008 nationalistic (j) 538 national (n) Law 537 nationalization (n) 257 nationalize (v) 191 nationalized (j) 83,
1665,neuroscientist,256,neuroscientist (n) 256,
1666,split,255,split (v) 2520 split (n) 988 split (j) 493 splitting (n) 255,
1667,consequential,255,consequential (j) 255 inconsequential (j) 210,
1668,antipathy,254,antipathy (n) 254,
1669,superficial,253,superficial (j) Med 1203 superficially (r) 253 superficiality (n) Hum 95,
1670,subsidiary,253,subsidiary (n) Law 900 subsidiary (j) 253 subsidiarity (n) Rel 144,
1671,illuminate,252,illuminate (v) 1791 illumination (n) Hum 617 illuminating (j) 252 illuminated (j) Hum 251,
1672,impose,250,impose (v) Law 7650 imposition (n) 980 imposing (j) 537 imposed (j) 250,
1673,edit,248,editor (n) 9099 edit (v) 2794 editorial (j) 1463 editorial (n) 1160 editing (n) 704 edited (j) 168 edit (n) Sci 127 editorialize (v) Law 84 editorship (n) 80 editorialist (n)His+Law 50 unedited (j) Hum 37,
1674,biochemistry,246,biochemistry (n) 246,
1675,enforce,244,enforcement (n) Law 4704 enforce (v) Law 3282 enforceable (j) Law 288 enforced (j) 244 enforcer (n) Law 130 unenforceable (j) Law 64 enforceability (n) Law 45,
1676,sine,244,sine (n) 244,
1677,obviate,244,obviate (v) 244,
1678,merge,243,merge (v) 1714 merger (n) Law 1427 merging (n) 243 merged (j) 102,
1679,fold,243,unfold (v) 1442 fold (n) Med 1134 fold (v) 857 unfolding (n) 243 folding (j) 181 folded (j) 169 unfolding (j) 153 folding (n) 61 unfolded (j) Sci 6,
1680,impute,242,impute (v) 185 imputation (n) 75 imputed (j) 57,
1681,sizeable,242,sizeable (j) 242,
1682,salutary,241,salutary (j) 241,
1683,debate,241,debate (n) 12823 debate (v) 1899 debatable (j) 241 debating (n) 59,
1684,transitory,239,transitory (j) 239,
1685,proclivity,238,proclivity (n) 238,
1686,catalogue,238,catalog (n) 2000 catalogue (n) Hum 951 catalogue (v) 238 cataloguing (n) Hum 19,
1687,aegis,237,aegis (n) 237,
1688,iterate,237,iteration (n) Sci 416 iterative (j) 237 iterate (v) 40 iterated (j) 24,
1689,read,237,read (v) 29528 reader (n) Hum 18062 reading (n) Edu 13950 reread (v) 357 readability (n) Edu 308 readable (j) 237 misread (v) 185 read (n) 178 misreading (n) Hum142 unreadable (j) 70 unread (j) Hum 46,
1690,preeminent,236,preeminence (n) 236 preeminently (r) 74 preeminent (n) 21,
1691,switch,236,switch (v) 3429 switch (n) Sci 2184 switching (j) Sci 520 switched (j) Sci 321 switching (n) 236 switchable (j) Sci 31,
1692,alien,236,alien (n) 1649 alien (j) 1625 alienation (n) 1235 alienate (v) 937 alienated (j) 299 inalienable (j) 236 alienating (j) 207,
1693,summate,235,summation (n) 235,
1694,progenitor,233,progenitor (n) 233,
1695,fortuitous,233,fortuitous (j) 179 fortuitously (r) 54,
1696,outmoded,232,outmoded (j) 232,
1697,parlance,232,parlance (n) 232,
1698,stricture,232,stricture (n) 232,
1699,vicarious,232,vicarious (j) 232 vicariously (r) 117,
1700,parsimonious,230,parsimonious (j) 138 parsimony (n) 92,
1701,undervalue,229,undervalue (v) 229 undervalued (j) Fin 96 undervaluation (n) 19,
1702,heredity,228,heredity (n) 228,
1703,compendium,226,compendium (n) 226,
1704,FALSE,225,false (j) 4456 falsely (r) 302 falsehood (n) Rel 213 falsify (v) 200 falsity (n) 120 falsification (n) 105 false (r) 93 falsifiable (j) 26 falsified (j) Law 16 falseness (n) Hum 16,
1705,veracity,224,veracity (n) 224,
1706,preconception,224,preconception (n) 224,
1707,paternalistic,223,paternalistic (j) 223,
1708,bracket,223,bracket (n) 829 bracket (v) 223 bracketed (j) 25 bracketing (n) 23,
1709,amalgamate,222,amalgamation (n) 156 amalgamate (v) 66 Amalgamated (j) 23,
1710,delete,221,delete (v) 897 deletion (n) 221 deleted (j) Sci 51,
1711,immutable,221,immutable (j) 221 immutability (n) Hum+Rel 32,
1712,declarative,220,declarative (j) 220,
1713,consonant,219,consonant (n) Hum 280 consonant (j) 219,
1714,avail,219,avail (v) 219 avail (n) 179 unavailing (j) Law 14,
1715,deviant,215,deviant (j) Soc 650 deviance (n) 215 deviant (n) 67 deviancy (n) Hum 39,
1716,disincentive,214,disincentive (n) 214,
1717,piecemeal,214,piecemeal (j) 214 piecemeal (r) 93,
1718,tune,214,tune (v) 1279 tune (n) Hum 1198 tuning (n) 214 tuner (n) Sci 192 tuned (j) Med 23 tuneful (j) Hum 4 tuneless (j) His+Rel 2 tunelessly (r) Hum 1,
1719,symbiosis,212,symbiosis (n) 212,
1720,interchange,212,interchange (n) 358 interchangeable (j) 310 interchangeably (r) 212 interchangeability (n) Hum 39 interchange (v) 23,
1721,submissive,211,submissive (j) 211 submissiveness (n) Rel 67 submissively (r) 17,
1722,obsolescence,210,obsolescence (n) 210 obsolescent (j) His 30,
1723,delimit,209,delimit (v) 209 delimitation (n) Law 82 delimited (j) 24,
1724,psychoanalyst,208,psychoanalyst (n) 208,
1725,servitude,207,servitude (n) 207,
1726,monogamy,207,monogamous (j) 207 monogamy (n) 137,
1727,interpolate,206,interpolation (n) 116 interpolate (v) 90 interpolated (j) Hum 68,
1728,emotive,205,emotive (j) 205,
1729,dismantle,205,dismantle (v) 840 dismantling (n) 205 dismantlement (n) His 30 dismantled (j) 15,
1730,portable,205,portable (j) Sci 1753 portability (n) 205 portable (n) Sci 134,
1731,preconceived,204,preconceived (j) 204,
1732,root,204,root (n) 7137 root (v) 2602 grass-roots (n) 1229 rooted (j) 204 rootedness (n) 88 rootless (j) 47 rooting (j) Sci 28 rootlessness (n) 23 rooting (n) Rel 12 rootlet (n) Med 8,
1733,laud,204,laud (v) 287 laudable (j) 204 laudatory (j) Hum 67 laudably (r) Rel 11 lauded (j) 7,
1734,conceal,204,conceal (v) 1323 concealed (j) 206 concealment (n) 204 unconcealed (j) Law+Hum 14 concealing (j) His+Hum 6,
1735,catalyse,203,catalytic (j) Sci 312 catalyze (v) 203,
1736,append,203,appendage (n) Sci 298 append (v) 203,
1737,manifold,200,manifold (j) 200 manifold (n) Sci 183,
1738,inadvertent,200,inadvertently (r) 665 inadvertent (j) 200 inadvertence (n) Law 11,
1739,onwards,200,onward (r) 443 onwards (r) 200 Onward (j) Law 8,
1740,profit,198,profit (n) Fin 7140 nonprofit (j) 1811 profitable (j) Fin 1617 profit (v) 836 profitability (n) Fin 598 profitably (r) 198 unprofitable (j) Fin 169 profiteering (n) His 72profiteer (n) Law 41 nonprofit (n) Law 14 profitless (j) Fin 6 profiteer (v) Med 4,
1741,underestimate,197,underestimate (v) 1335 underestimation (n) 136 underestimate (n) 61 underestimated (j) Edu 13,
1742,dispense,197,dispense (v) 731 dispensation (n) 197 dispenser (n) 171 dispensing (n) Med 78 dispensary (n) His 70,
1743,germane,195,germane (j) 195,
1744,bifurcate,193,bifurcation (n) 134 bifurcated (j) Law 95 bifurcate (v) 59,
1745,nebulous,193,nebulous (j) 193,
1746,laborious,190,laborious (j) 190 laboriously (r) 82,
1747,hospitable,189,hospitable (j) 286 inhospitable (j) 189 hospitably (r) Hum 9,
1748,unanimity,188,unanimity (n) 188,
1749,skew,187,skew (v) 484 skewed (j) 187 skew (n) Sci 128 skewing (n) 12,
1750,irreconcilable,186,irreconcilable (j) 186,
1751,energy,185,energy (n) 29854 energetic (j) 1043 energize (v) 569 energetically (r) 185 energized (j) Med 86 energetics (n) Sci 44 energizer (n) Med 40 energizing (j) Med 26,
1752,culpable,185,culpability (n) 185 culpable (j) 135,
1753,inimical,184,inimical (j) 184,
1754,weigh,184,weigh (v) 3350 weighing (n) 184,
1755,salary,184,salary (n) 3753 salaried (j) 184,
1756,nest,183,nest (n) Sci 1942 nest (v) Sci 499 nesting (j) Sci 246 nested (j) 183,
1757,modus,181,modus (n) 181,
1758,mingle,181,mingle (v) 366 intermingle (v) 120 intermingling (n) 61 mingling (n) 52 mingled (j) Hum 18 intermingled (j) 11,
1759,upsurge,181,upsurge (n) 181,
1760,first,181,first (m) 123671 first (r) 3347 firstly (r) 181 first (n) Edu 144,
1761,disentangle,180,disentangle (v) 180,
1762,ubiquity,180,ubiquity (n) 180,
1763,idiosyncrasy,179,idiosyncrasy (n) 179,
1764,functionary,178,functionary (n) 178,
1765,discontinuous,177,discontinuous (j) 177,
1766,destabilize,177,destabilize (v) His 648 destabilization (n) 177 destabilizing (j) His 106 destabilized (j) His+Hum 13,
1767,vicissitude,177,vicissitude (n) 177,
1768,single,177,single (j) 21557 single (v) 641 single (n) Rel 409 singly (r) 177 singleness (n) Rel 32,
1769,paleolithic,176,paleolithic (j) 176,
1770,mesh,175,mesh (n) Sci 847 enmesh (v) 175 mesh (v) 85 enmeshment (n) Hum 40 enmeshed (j) Rel 20 meshing (n) Hum 14,
1771,fund,174,fund (n) Fin 21571 funding (n) 7460 fund (v) 4115 funded (j) 611 funder (n) 174 unfunded (j) Law 115,
1772,blur,173,blur (v) 1013 blur (n) Sci 240 blurring (n) 173 blurry (j) Sci 138 blurred (j) 123 blurring (j) Sci 15,
1773,bylaw,173,bylaw (n) 173,
1774,tangent,173,tangential (j) 111 tangentially (r) 62 tangent (n) 55 tangent (j) Sci 44,
1775,neurosis,172,neurosis (n) 172,
1776,enquire,172,enquiry (n) 172 enquire (v) 50,
1777,opacity,171,opacity (n) 171,
1778,TRUE,171,true (j) 21207 truly (r) 6388 untrue (j) 211 truism (n) 171 true (r) Rel 26 true (v) Rel 20,
1779,discredit,170,discredit (v) 750 discredited (j) 170 discrediting (n) Law 24 discreditable (j) His 12,
1780,disenchant,170,disenchantment (n) 170 disenchanted (j) 138,
1781,apathy,168,apathy (n) 314 apathetic (j) 168,
1782,disallow,165,disallow (v) 165,
1783,venerate,165,veneration (n) Hum 234 venerate (v) 165 venerated (j) Hum 57,
1784,partiality,165,impartial (j) Law 578 impartiality (n) 165 partiality (n) 75 impartially (r) Law 51,
1785,panoply,162,panoply (n) 162,
1786,diametrically,162,diametrically (r) 162,
1787,better,162,better (j) 21979 better (r) 17681 better (n) 220 better (v) 211 betterment (n) 162,
1788,constancy,161,constancy (n) 161 inconstancy (n) Hum 22,
1789,ingrain,159,ingrain (v) 181 ingrained (j) 159 ingrain (n) Edu+Soc 4,
1790,post,159,post (n) 5949 post (v) 1664 postal (j) 565 post (j) Soc 383 postage (n) 346 posting (n) 319 post (r) 159 posted (j) 88,
1791,sufficiency,158,insufficiency (n) Med 197 sufficiency (n) 158,
1792,vague,157,vague (j) 1557 vaguely (r) 433 vagueness (n) 157,
1793,unidimensional,155,unidimensional (j) 155,
1794,worth,154,worth (i) 6840 worth (n) 2883 worthy (j) 1738 worthy (n) 471 worthless (j) 439 unworthy (j) Rel 269 worthiness (n) 102 worthlessness (n) 52,
1795,remunerate,152,remuneration (n) 152 remunerative (j) 27 remunerate (v) Hum 21,
1796,profess,152,profess (v) 582 professed (j) 152,
1797,prefix,151,prefix (n) 151 prefix (v) Hum 17,
1798,transfer,151,transfer (n) Edu 7653 transfer (v) 5432 transferable (j) Edu 210 transference (n) 151 transferred (j) 122 transferability (n) Edu 116 transferee (n) Law 35 transferral(n) Hum 13,
1799,trace,150,trace (v) 3786 trace (n) 1961 traceable (j) 150 tracing (n) Med 131 untraceable (j) 19,
1800,preset,150,preset (j) 150 preset (v) Sci 69,
1801,dovetail,149,dovetail (v) 149 dovetail (n) Sci 78,
1802,legalistic,147,legalistic (j) 147,
1803,capitulate,147,capitulate (v) 171 capitulation (n) 147,
1804,multilingual,147,multilingual (j) 147,
1805,annotate,146,annotation (n) Rel 261 annotated (j) Hum 171 annotate (v) 146,
1806,aberrant,145,aberrant (j) 145 aberrant (n) Hum 21,
1807,class,145,class (n) Edu 41519 middle-class (j) 1958 working-class (j) His 906 class (v) 145 classy (j) 89 classless (j) Law 47 subclass (n) Med 22,
1808,subservient,144,subservient (j) 144 subservience (n) 115,
1809,card,143,card (n) 10376 card (v) 143,
1810,egocentric,142,egocentric (j) 142 egocentricity (n) Rel 19,
1811,aver,141,aver (v) 141,
1812,expropriate,140,expropriation (n) Law 236 expropriate (v) 140 expropriated (j) Law 18,
1813,husbandry,140,husbandry (n) 140,
1814,propound,140,propound (v) 140,
1815,sterile,139,sterile (j) Med 633 sterilization (n) His 324 sterilize (v) 196 sterility (n) 139 sterilized (j) Med 38 sterilizer (n) Sci 7,
1816,principality,138,principality (n) 138,
1817,request,138,request (n) 5267 request (v) 3735 requested (j) 138 requester (n) Law 17,
1818,ferment,138,fermentation (n) Sci 225 ferment (v) 161 ferment (n) 138 fermented (j) Med 76 fermenting (j) Sci 9,
1819,gradation,137,gradation (n) 137,
1820,arrange,136,arrangement (n) 6525 arrange (v) 3843 rearrange (v) 382 rearrangement (n) 136 arranged (j) 102 prearranged (j) 54 arranger (n) Hum 47 rearranging (n) 5,
1821,poignant,136,poignant (j) 405 poignantly (r) 136 poignancy (n) Hum 61,
1822,injure,135,injury (n) Med 7801 injure (v) 1266 injured (j) Med 765 injurious (j) 135 uninjured (j) Med 28,
1823,disassociate,132,disassociate (v) 132,
1824,surprise,131,surprising (j) 4729 surprise (n) 4032 surprisingly (r) 3487 surprised (j) 1985 surprise (v) 1121 unsurprisingly (r) 131 unsurprising (j) 13 unsurprised (j) 6,
1825,disequilibrium,129,disequilibrium (n) 129,
1826,militate,128,militate (v) 128,
1827,metallurgy,127,metallurgy (n) 127 metallurgical (j) 73 metallurgist (n) Sci 33,
1828,multilayered,127,multilayered (j) 127,
1829,second,126,second (m) 38393 second (n) 12618 secondary (j) Edu 7351 postsecondary (j) Edu 1147 secondary (n) Med 1069 secondly (r) 732 second (v) 154 secondarily (r) 126,
1830,vex,126,vex (v) 165 vexing (j) 126 vexed (j) Hum 62 vexation (n) Hum 54 vexatious (j) Law 19,
1831,programme,125,program (n) Edu 100151 program (v) 2851 programming (n) Edu 2465 programmer (n) 720 programmatic (j) Edu 533 programmable (j) Sci 278 programmed (j) 125,
1832,systematize,123,systematize (v) 123 systematization (n) His 34 systematized (j) 16,
1833,xenophobia,123,xenophobia (n) 159 xenophobic (j) 123,
1834,arc,122,arc (n) 1169 arc (v) 122 arcing (j) Med 3,
1835,military,121,military (j) His 35119 military (n) 3525 militarily (r) His 434 militarism (n) 305 militaristic (j) 121 militarist (n) His 84,
1836,copy,120,copy (n) 5363 copy (v) 1850 copier (n) Fin 192 copying (n) 120 copyist (n) Hum 55 copied (j) Hum 37,
1837,depredation,118,depredation (n) 118,
1838,appraise,118,appraisal (n) Soc 1750 appraise (v) Edu 387 reappraisal (n) 118 appraiser (n) Fin 57 appraised (j) Fin 24 reappraise (v) 23 appraising (j) Rel+Med 2,
1839,propitious,118,propitious (j) 118,
1840,rejoinder,117,rejoinder (n) 117,
1841,bibliography,116,bibliography (n) Hum 710 bibliographic (j) 116 bibliographical (j) His+Hum 64 bibliographer (n) His 24,
1842,abort,115,abortion (n) Law+Rel 4234 abort (v) 291 abortive (j) 115 aborted (j) 95,
1843,redirection,115,redirection (n) 115,
1844,reversion,115,reversion (n) 115,
1845,maximal,115,maximal (j) Med 556 maximally (r) 115,
1846,privation,114,privation (n) 114,
1847,inborn,114,inborn (j) 114,
1848,palatable,112,palatable (j) 246 unpalatable (j) 112,
1849,imprimatur,111,imprimatur (n) 111,
1850,join,110,join (v) 12715 rejoin (v) 268 joining (n) 110 joined (j) 66 join (n) Sci 48,
1851,serendipitous,110,serendipitous (j) 110 serendipity (n) 96,
1852,quiescent,108,quiescent (j) 108,
1853,bounds,108,boundless (j) 193 bounded (j) 144 unbounded (j) 108 bounding (j) 15 boundlessly (r) Rel 6,
1854,credible,108,credibility (n) 2092 credible (j) 1262 credibly (r) 108,
1855,immemorial,107,immemorial (j) 107,
1856,rapacious,107,rapacious (j) 107 rapacity (n) 19,
1857,tanzania,107,Tanzanian (j) 107 Tanzanian (n) 31,
1858,return,106,return (v) 18775 return (n) 11556 returning (j) 131 return (j) 115 returned (j) 106 returnee (n) His 78 returning (n) 42 returnable (j) Sci 17 unreturned (j) Med 5returner (n) Edu+Sci 3,
1859,reflex,106,reflex (n) Med 540 reflexive (n) Hum 278 reflex (j) Med 198 reflexivity (n) 106,
1860,inescapable,106,inescapable (j) 409 inescapably (r) 106,
1861,internecine,105,internecine (j) 105,
1862,apace,104,apace (r) 104,
1863,upgrade,104,upgrade (v) 1577 upgrade (n) Sci 948 upgraded (j) Sci 122 upgrading (n) 104,
1864,appear,103,appear (v) 40754 appearance (n) 6538 reappear (v) 441 reappearance (n) 103,
1865,admixture,103,admixture (n) 103,
1866,ban,103,ban (v) 2102 ban (n) 2064 banned (j) 198 banning (n) 103,
1867,lament,103,lament (v) 1071 lament (n) 292 lamentation (n) Hum+Rel 118 lamentable (j) 79 lamentably (r) 24 lamented (j) His 7,
1868,inchoate,103,inchoate (j) 103,
1869,epoch,103,epoch (n) 782 epochal (j) 103,
1870,conversation,101,conversation (n) 6674 conversational (j) Hum 435 conversant (j) 101 conversationalist (n) 23 conversationally (r) Soc 9,
1871,victim,101,victim (n) 9548 victimization (n) Soc 1536 victimize (v) 472 victimized (j) 101 victimless (j) Law 21,
1872,negotiate,99,negotiation (n) Law 6637 negotiate (v) 4646 negotiator (n) Law 710 negotiating (n) Law 647 negotiated (j) Law 637 renegotiate (v) 232 renegotiation (n) 99renegotiated (j) Law 12 negotiating (j) Law 12,
1873,habituate,98,habituation (n) Rel 125 habituate (v) 98 habituated (j) His 18,
1874,mechanise,97,mechanistic (j) Rel 300 mechanization (n) 167 mechanized (j) 126 mechanize (v) 97,
1875,controvert,96,incontrovertible (j) 96 incontrovertibly (r) 20 controvert (v) Hum 20,
1876,curtail,96,curtail (v) 817 curtailment (n) 96 curtailed (j) 12,
1877,invidious,95,invidious (j) 95 invidiously (r) Law 21,
1878,forge,95,forge (v) 1877 forgery (n) 136 forged (j) 131 forge (n) 98 forging (n) 95 forger (n) Edu 62,
1879,toolkit,93,toolkit (n) 93,
1880,ennoble,92,ennoble (v) 92 ennobling (j) Hum 8,
1881,intrigue,92,intriguing (j) 1426 intrigue (v) 523 intrigue (n) 314 intriguingly (r) 92,
1882,suspect,88,suspect (v) 3793 suspect (n) 1192 suspected (j) Med 779 unsuspecting (j) 177 suspect (j) 94 unsuspected (j) 88,
1883,obfuscate,88,obfuscate (v) 88 obfuscation (n) Hum 47,
1884,peruse,88,peruse (v) 183 perusal (n) 88,
1885,quasi,88,quasi (j) 56 quasi (r) 32,
1886,collate,87,collate (v) 87 collation (n) Hum 20,
1887,expensive,86,expensive (j) 5731 inexpensive (j) 1390 inexpensively (r) 86 expensively (r) 42,
1888,disharmony,85,disharmony (n) 85,
1889,malign,85,malignant (j) Med 711 malignancy (n) Med 385 malign (v) 95 malign (j) 85 maligned (j) 33,
1890,debilitate,85,debilitating (j) 498 debilitate (v) 85 debilitative (j) Soc 28 debilitation (n) His 23 debilitated (j) 20,
1891,atom,85,atom (n) Sci 3650 atomic (j) Sci 1999 subatomic (j) Sci 196 atomize (v) 56 atomized (j) 29 atomism (n) Rel 21 atomizer (n) Sci 14,
1892,stymy,85,stymie (v) 195 stymie (n) 85 stymied (j) His 11,
1893,avow,83,avowed (j) 130 avow (v) 83 avowedly (r) 67,
1894,disclaim,83,disclaimer (n) 232 disclaim (v) 83,
1895,hedonist,82,hedonism (n) 82 hedonistic (j) 66 hedonist (n) 17,
1896,emancipate,82,emancipation (n) 504 emancipate (v) 130 emancipatory (j) 82 emancipated (j) 44,
1897,market,82,market (n) 39469 marketing (n) Fin 4882 market (v) 4590 marketer (n) Fin 475 marketable (j) 307 marketability (n) 82 marketeer (n) Law 38 marketed (j) Sci 14,
1898,lay,79,lay (v) 8853 lay (j) Rel 1454 laying (n) 79 laid (j) 40,
1899,compartment,79,compartment (n) Med 712 compartmentalize (v) 113 compartmentalization (n) 79 compartmentalized (j) 29,
1900,multifarious,76,multifarious (j) 76,
1901,numerator,75,numerator (n) 75,
1902,remit,75,remittance (n) His 458 remit (v) 75 remit (n) Med 29,
1903,award,75,award (n) 5593 award (v) 2741 awarding (n) 75,
1904,aggrandize,74,aggrandizement (n) 74 aggrandize (v) Law+Hum 26,
1905,hellenic,74,Hellenistic (j) 115 Hellenic (j) 74,
1906,pseudo,73,pseudo (j) 73,
1907,replenish,72,replenish (v) 370 replenishment (n) 72 replenished (j) 7,
1908,countrywide,72,countrywide (j) 72,
1909,extirpate,71,extirpate (v) 71 extirpation (n) 45,
1910,guidepost,70,guidepost (n) 70,
1911,demoralise,70,demoralize (v) His 199 demoralization (n) 70 demoralized (j) His 51 demoralizing (j) 32,
1912,contradistinction,70,contradistinction (n) 70,
1913,trenchant,70,trenchant (j) 70 trenchantly (r) 15,
1914,transcribe,69,transcribe (v) 832 transcriber (n) Soc 122 transcribed (j) 69,
1915,mutable,69,mutable (j) 69 mutability (n) Hum 50,
1916,offset,68,offset (v) 1525 offset (j) Sci 229 offset (n) Sci 106 offsetting (j) 68,
1917,mess,65,messy (j) 868 mess (n) 857 mess (v) 277 messiness (n) 65 messiest (j) Law 5 messily (r) Sci 2,
1918,record,65,record (n) 15208 record (v) 9980 recording (n) Hum 2752 recorder (n) 1166 recorded (j) 815 unrecorded (j) 65 record (j) 34 recording (j) 15,
1919,disc,65,disk (n) Sci 5248 disc (n) Sci 1779 diskette (n) 65,
1920,corrupt,64,corruption (n) His 2941 corrupt (j) 1258 corrupt (v) 372 corrupting (j) 64 corrupted (j) 56 incorruptible (j) 29 corruptible (j) Hum 23 corruptly (r) His 8,
1921,biannual,64,biannual (j) 64,
1922,agglomerate,63,agglomeration (n) 63,
1923,contaminate,63,contamination (n) Med 2029 contaminate (v) Med 999 contaminated (j) Med 739 uncontaminated (j) 63 contaminating (j) 20,
1924,evenly,63,evenly (r) 883 uneven (j) 792 unevenly (r) 169 unevenness (n) 63 evenness (n) 33,
1925,explicable,62,inexplicable (j) 224 inexplicably (r) 140 explicable (j) 62,
1926,acquisitive,62,acquisitive (j) 62 acquisitiveness (n) 25,
1927,indivisible,61,indivisible (j) Rel 149 divisible (j) 61,
1928,foresee,60,foresee (v) 873 foreseeable (j) Law 608 unforeseen (j) 282 unforeseeable (j) 60,
1929,fracture,60,fracture (n) Med 2841 fractured (j) 256 fracture (v) 196 fracturing (n) 60,
1930,businessperson,60,businessperson (n) 60,
1931,probity,59,probity (n) 59,
1932,perforce,59,perforce (r) 59,
1933,slave,59,slave (n) His 5006 slavery (n) His 2706 slave (v) 87 slavish (j) 59 slavishly (r) 49,
1934,purvey,57,purveyor (n) 194 purvey (v) 57,
1935,insuperable,57,insuperable (j) 57,
1936,abridge,56,abridge (v) Law 73 abridged (j) 56 abridgement (n) Law 12,
1937,number,55,number (n) 73345 number (v) 814 numbered (j) 211 numbering (n) 55 numberless (j) 27 unnumbered (j) Hum 21,
1938,strident,55,strident (j) 216 stridently (r) 55,
1939,wane,55,wane (v) 588 waning (j) 202 wane (n) 124 waning (n) 55,
1940,prima,54,prima (j) Law 114 prima (r) 54,
1941,cognisance,54,cognizant (j) Edu 251 cognizance (n) 54,
1942,insidious,54,insidious (j) 351 insidiously (r) 54,
1943,indolent,54,indolent (j) Med 58 indolence (n) 54,
1944,update,52,update (v) 1975 update (n) Sci 1356 updated (j) 535 updating (n) 52,
1945,mention,50,mention (v) 11541 mention (n) 1910 unmentioned (j) 50 unmentionable (j) Law 17 unmentionable (n) His 5,
1946,militant,50,militant (j) His 842 militant (n) His 532 militancy (n) His 262 militantly (r) 50,
1947,homepage,50,homepage (n) 50,
1948,assiduous,50,assiduously (r) 121 assiduous (j) 50,
1949,compel,50,compel (v) 2603 compelling (j) 2173 compellingly (r) 50,
1950,thereupon,48,thereupon (r) 48,
1951,pool,47,pool (n) 4843 pool (v) 443 pooled (j) Med 211 pooling (n) 47,
1952,malefactor,47,malefactor (n) 47,
1953,disfavour,46,disfavor (v) 46 disfavor (n) 37 disfavored (j) Law 22,
1954,disinclined,46,disinclined (j) 64 disinclination (n) 46,
1955,consume,45,consumer (n) 12144 consume (v) 4638 consumerism (n) Rel 424 consuming (j) 80 consumable (j) 45 consumed (j) 11,
1956,brainstorm,44,brainstorm (v) Edu 187 brainstorming (n) Edu 159 brainstorming (j) 44 brainstorm (n) 38,
1957,homogenize,44,homogenize (v) 144 homogenized (j) 44 homogenizing (j) 44,
1958,wholesale,43,wholesale (j) 914 wholesaler (n) Fin 250 wholesale (n) 43 wholesale (r) 36,
1959,capitalise,42,capitalize (v) 904 capitalization (n) Fin 299 capitalized (j) 42,
1960,archetype,41,archetypal (j) Hum+Rel 399 archetype (n) Hum 356 archetypical (j) 41,
1961,erosive,41,erosive (j) 41,
1962,regiment,41,regiment (n) His 1099 regimental (j) His 154 regimented (j) 71 regimentation (n) 41 regiment (v) 22,
1963,rule,40,rule (n) 25716 rule (v) 4434 ruler (n) 2376 ruling (j) His 1786 ruling (n) Law 1706 ruled (j) 40 misrule (n) His 30,
1964,submit,40,submit (v) 4185 submitted (j) 40,
1965,ambitious,40,ambitious (j) 2044 ambitiously (r) 40 unambitious (j) Edu 15,
1966,assyria,40,Assyrian (j) Hum 127 Assyrian (n) 40,
1967,envision,39,envision (v) 2155 envisioned (j) 39,
1968,lead,39,lead (v) 44493 leader (n) 28165 leadership (n) Edu 14742 leading (j) 5689 lead (n) 5344 misleading (j) 1227 mislead (v) 360 misleadingly (r) 39 leaderless (j) His 29misled (j) 4,
1969,sceptic,39,skeptical (j) 1414 skepticism (n) 1159 skeptically (r) 76 scepticism (n) His 53 sceptical (j) 39 sceptic (n) Rel 16,
1970,legislate,37,legislation (n) Law 6856 legislative (j) Law 4191 legislator (n) Law 1774 legislate (v) Law 366 legislatively (r) Law 69 legislated (j) 37,
1971,insupportable,37,insupportable (j) 37,
1972,colloquial,37,colloquial (j) Hum 138 colloquially (r) 37 colloquialism (n) Hum 35,
1973,discreet,36,discretion (n) Law 1107 discretionary (j) Law 520 discreet (j) 186 discreetly (r) 138 indiscretion (n) 78 discretely (r) 36 indiscreet (j) 20 indiscreetly (r) Law+Hum 4,
1974,former,36,former (d) 17725 formerly (r) 2118 former (n) 36,
1975,lucid,35,lucid (j) 221 lucidity (n) Hum 74 lucidly (r) 35,
1976,mix,35,mix (v) 4771 mix (n) 2835 mixed (j) 2679 mixing (n) 809 mixer (n) Sci 196 unmixed (j) 35,
1977,unwitting,34,unwittingly (r) 400 unwitting (j) 155 wittingly (r) 34,
1978,tentative,33,tentative (j) 820 tentatively (r) 292 tentativeness (n) 33,
1979,sagacity,33,sagacity (n) 33,
1980,fade,33,fade (v) 1738 faded (j) 143 fading (j) 112 fading (n) 33 fade (n) 16,
1981,reserve,32,reserve (n) 4317 reservation (n) His 3054 reserve (v) 1929 reserve (j) 1470 reservist (n) Sci 289 reserved (j) 251 unreservedly (r) 32 unreserved (j) 24,
1982,search,31,search (n) 8558 search (v) 5018 searcher (n) 116 searching (j) 102 searching (n) 31 searchingly (r) His 7,
1983,episode,31,episode (n) 3759 episodic (j) 371 episodically (r) 31,
1984,harness,31,harness (v) 698 harness (n) 245 harnessing (n) 31,
1985,efflorescence,30,efflorescence (n) 30,
1986,contemporaneous,30,contemporaneous (j) Hum 199 contemporaneously (r) 30,
1987,prescient,28,prescient (j) 177 prescience (n) 48 presciently (r) 28,
1988,frequency,27,frequency (n) Med 9731 infrequency (n) 27,
1989,discontinue,26,discontinue (v) Med 596 discontinuation (n) Med 80 discontinued (j) 68 discontinuance (n) 26,
1990,cure,26,cure (v) 1747 cure (n) Med 1534 curative (j) Med 160 incurable (j) 129 curable (j) Med 89 cured (j) 45 curative (n) 26 incurably (r) Law+Rel 17,
1991,verily,22,verily (r) 22,
